ID_ORDER,DTE_ORDER,ID_CUSTOMER,ID_PART,QTY_ORDERED,AMT_TOTAL,REF_PAYMENT_METHOD,DTE_DELIVERY_EST,DES_ORDER_NOTE
ORD0001,2024-06-27,C0013,P0062,-5,1222.6,CARD,2025-07-21,Area see ground occur.
ORD0002,2025-02-28,C0067,P0223,-5,1450.93,CRYPTO,,Third lose capital top class new north.
ORD0003,BAD_DATE,C0325,P0092,-5,1068.05,TRANSFER,,Serve ball current hit social off.
ORD0004,2024-10-29,C0184,INVALID,-5,378.74,CASH,2025-06-28,Face future sell team help.
ORD0005,2024-08-06,C0335,P0239,null,ERROR,CRYPTO,2025-06-29,
ORD0006,BAD_DATE,C0153,P0178,X,203.78,CARD,2025-07-22,
ORD0007,2024-07-07,C0431,P0110,null,1439.3,TRANSFER,2025-07-13,Newspaper leg artist half organization officer learn.
ORD0008,2025-03-02,C0400,P0098,-5,979.52,CARD,2025-07-14,Kid worry risk begin water.
ORD0009,BAD_DATE,C0194,P0092,-5,1245.81,CARD,,
ORD0010,2024-11-17,C0338,P0006,null,ERROR,CRYPTO,2025-06-30,Adult subject key throughout soldier baby inside.
ORD0011,2024-12-10,,P0185,null,673.38,CARD,2025-07-05,Herself experience point look.
ORD0012,BAD_DATE,,P0003,null,ERROR,CRYPTO,2025-07-15,Help herself voice own.
ORD0013,2024-11-16,C0012,P0169,null,491.04,CARD,2025-07-07,Born crime field different computer table sell.
ORD0014,2025-02-07,C0297,INVALID,-5,990.98,CASH,2025-06-27,
ORD0015,2025-03-04,C0057,P0130,-5,667.9,,2025-07-01,Exist staff amount last.
ORD0016,2024-11-13,C0306,P0007,null,954.4,,,Pull range wrong safe thousand action reason.
ORD0017,2025-01-05,C0073,P0018,X,533.0,,2025-07-02,
ORD0018,2024-12-18,C0459,P0246,20,1287.88,CRYPTO,,Government together control course amount.
ORD0019,2025-04-05,C0040,P0130,4,737.42,CASH,2025-07-03,
ORD0020,BAD_DATE,C0186,P0030,3,658.99,CRYPTO,2025-07-14,Account blood level something.
ORD0021,2025-03-16,C0107,P0016,1,652.77,TRANSFER,2025-07-23,Member whether of appear fire.
ORD0022,2025-04-08,C0252,P0242,11,1173.18,CASH,2025-07-09,Buy job event including four rate long.
ORD0023,2025-03-17,C0212,P0233,X,1123.74,CRYPTO,,Husband rate like professor recent black relate blue.
ORD0024,2024-08-12,,P0243,null,309.74,CASH,2025-07-23,Now we hand action.
ORD0025,2024-10-20,C0040,P0280,X,,CARD,2025-07-11,Material shake list natural.
ORD0026,2024-07-21,C0215,P0020,X,,,2025-07-14,Central box service personal actually environmental already traditional.
ORD0027,2024-07-21,C0161,P0079,X,1154.74,,2025-07-02,Piece partner military field time woman between.
ORD0028,2025-01-25,C0231,P0091,-5,1145.14,TRANSFER,2025-07-06,
ORD0029,2024-07-09,C0093,P0068,X,,TRANSFER,2025-07-13,
ORD0030,2024-07-20,C0463,INVALID,X,968.15,TRANSFER,2025-07-03,
ORD0031,2024-08-07,C0291,P0062,10,1034.2,,2025-07-15,
ORD0032,2024-10-26,C0438,INVALID,null,717.87,CARD,2025-07-08,Song everything society every understand agreement within.
ORD0033,2024-10-29,,P0032,null,244.89,CRYPTO,2025-07-20,Media blue rather ask quite face answer.
ORD0034,BAD_DATE,C0178,P0279,14,1357.69,CRYPTO,2025-07-11,Owner store white add hand final good.
ORD0035,BAD_DATE,C0315,P0100,-5,ERROR,CARD,,
ORD0036,2025-03-25,C0003,P0009,-5,579.95,CARD,,
ORD0037,2024-11-27,C0380,P0163,null,829.86,CARD,2025-07-11,As cost hope model feeling detail maintain.
ORD0038,2024-10-15,C0063,P0087,null,221.31,,2025-06-29,
ORD0039,2025-05-19,C0016,P0188,15,559.4,,2025-07-01,All ready brother.
ORD0040,2025-04-20,C0266,P0207,null,152.76,TRANSFER,2025-07-04,Month opportunity serve sit TV attack.
ORD0041,2024-09-28,C0079,P0032,-5,777.14,CASH,2025-06-24,
ORD0042,2024-11-04,C0187,INVALID,-5,608.55,TRANSFER,2025-06-25,More entire seven audience.
ORD0043,2025-06-07,C0112,P0257,6,ERROR,,2025-07-06,The yeah form keep per.
ORD0044,2024-12-24,,P0137,X,427.81,,2025-07-01,Kid south our team.
ORD0045,2024-12-09,C0043,INVALID,null,1137.82,TRANSFER,,Me page must level charge understand rise firm.
ORD0046,2024-08-03,C0482,P0142,15,836.16,CASH,,Walk increase research son benefit college reality condition.
ORD0047,2024-12-08,C0141,P0259,X,1199.5,CARD,2025-07-03,Republican option detail price describe.
ORD0048,2024-12-11,C0489,P0002,11,278.51,TRANSFER,2025-07-09,First city quite trial pull above.
ORD0049,2024-08-13,,P0288,12,794.85,CRYPTO,2025-07-19,Still board suggest particularly both artist meet.
ORD0050,2024-12-27,C0334,P0175,null,ERROR,CRYPTO,,Husband may real.
ORD0051,2025-01-03,C0382,P0045,X,1036.01,TRANSFER,2025-07-09,
ORD0052,2025-04-06,C0224,P0238,null,854.09,,2025-07-02,Fish market particularly science beautiful fear all.
ORD0053,2024-09-05,C0205,INVALID,null,ERROR,,2025-06-26,
ORD0054,2025-05-23,C0129,P0094,X,1100.27,CRYPTO,2025-07-04,
ORD0055,2024-07-02,C0352,P0096,X,640.15,CRYPTO,,Mind cost stuff threat.
ORD0056,2025-06-18,C0368,P0011,-5,411.55,CRYPTO,2025-06-29,
ORD0057,2025-02-11,C0202,P0006,-5,605.92,CRYPTO,,
ORD0058,2024-10-04,C0407,P0192,X,904.35,CARD,2025-07-22,
ORD0059,2024-08-19,C0160,P0127,null,148.65,TRANSFER,2025-07-21,None view owner development.
ORD0060,2025-03-26,C0106,P0098,X,298.42,CRYPTO,2025-07-11,Technology perhaps class.
ORD0061,2025-01-11,C0250,P0068,17,73.48,TRANSFER,2025-06-25,House at minute mention.
ORD0062,2025-03-19,C0229,P0195,X,709.72,CASH,,
ORD0063,2024-12-11,C0383,P0092,6,503.48,CARD,,Own stuff PM receive study hand of.
ORD0064,2025-06-22,C0164,P0290,X,1436.47,TRANSFER,2025-07-07,Dinner short many moment collection.
ORD0065,2024-10-28,C0311,P0116,-5,ERROR,TRANSFER,,Perhaps drop deep investment lead interest.
ORD0066,2024-07-25,C0103,P0140,X,ERROR,CRYPTO,2025-06-25,Base network state care.
ORD0067,2024-07-18,C0192,P0091,X,1300.49,TRANSFER,2025-07-21,
ORD0068,2025-03-03,C0420,P0133,15,621.48,CRYPTO,2025-07-13,
ORD0069,2025-02-11,,P0136,11,113.54,CRYPTO,,Blood space sea ready pattern.
ORD0070,2025-05-20,C0018,INVALID,5,1464.01,TRANSFER,2025-07-23,Cup south our debate easy.
ORD0071,2024-10-31,C0130,P0187,19,207.9,,2025-07-18,
ORD0072,2025-01-04,C0151,P0268,-5,331.61,CARD,,
ORD0073,2025-05-10,C0450,P0088,-5,,,2025-07-07,Throw rather big enter rest if.
ORD0074,2025-02-05,C0495,INVALID,-5,,CRYPTO,2025-06-30,
ORD0075,BAD_DATE,C0204,P0198,X,,TRANSFER,,Professional peace teach city.
ORD0076,2025-05-11,,P0292,X,1335.25,TRANSFER,2025-06-27,
ORD0077,2025-03-18,C0166,P0223,-5,144.76,CASH,,
ORD0078,2025-06-14,C0096,P0148,X,919.6,CASH,,Crime hand but writer reality.
ORD0079,2024-10-30,C0038,P0258,X,,,,Prepare less PM.
ORD0080,2025-05-27,C0191,P0138,null,807.65,,2025-07-12,Population performance special be general nothing.
ORD0081,BAD_DATE,C0400,INVALID,X,1142.56,CARD,2025-07-22,Support let attorney together year.
ORD0082,2025-03-31,C0005,P0133,9,,CRYPTO,2025-07-07,Office drop early receive majority author benefit billion.
ORD0083,2025-03-10,C0006,P0134,15,987.66,CASH,2025-06-26,More country physical no property get ahead.
ORD0084,2025-03-02,C0110,INVALID,11,14.5,CASH,2025-06-29,Leg watch city build financial.
ORD0085,2024-12-26,C0408,P0096,null,1226.51,TRANSFER,2025-07-18,
ORD0086,2024-10-13,C0120,P0240,null,620.65,TRANSFER,2025-07-15,
ORD0087,2025-05-16,C0198,P0191,null,137.62,CRYPTO,2025-07-16,Point day candidate very well million.
ORD0088,2025-01-10,C0109,P0018,12,1387.59,CRYPTO,2025-07-13,Event interest this while cultural onto.
ORD0089,2025-05-14,C0053,P0054,null,643.52,CASH,,While what capital today goal though hand.
ORD0090,2024-12-30,C0367,P0005,3,538.57,CASH,2025-06-25,
ORD0091,BAD_DATE,C0453,P0244,1,1045.43,CRYPTO,2025-06-25,
ORD0092,2025-01-10,C0344,P0052,11,ERROR,TRANSFER,2025-07-22,Answer wear question radio.
ORD0093,2025-04-25,,P0184,-5,859.7,TRANSFER,2025-06-26,Whether performance job thousand why.
ORD0094,2024-10-25,C0216,P0240,11,292.85,CARD,2025-07-20,Girl yet available thing manage.
ORD0095,2024-12-22,C0223,P0012,20,355.16,CARD,2025-07-16,Force do wrong reveal ball buy spend.
ORD0096,BAD_DATE,C0164,P0234,null,ERROR,CRYPTO,2025-07-11,Idea discuss hold game build quite threat.
ORD0097,BAD_DATE,C0026,P0223,7,317.56,TRANSFER,2025-07-16,Big test society recently collection.
ORD0098,2024-08-31,C0256,P0243,6,,,2025-07-17,Create no head short.
ORD0099,2024-10-08,,P0130,3,,,2025-06-29,Out only light to.
ORD0100,2024-11-05,C0062,P0173,null,206.1,TRANSFER,2025-07-21,
ORD0101,2024-09-15,C0088,P0206,7,ERROR,CASH,,Church dream wear foreign likely.
ORD0102,2024-11-26,C0303,P0120,-5,1136.1,CARD,2025-07-20,Evening performance somebody world.
ORD0103,2024-06-24,C0296,P0260,null,1252.95,CARD,2025-07-11,
ORD0104,2024-07-13,,P0219,null,1033.44,CRYPTO,,Different him vote country wide type explain language.
ORD0105,2024-07-01,,P0296,null,242.81,CASH,2025-06-28,Full that difficult could movement they.
ORD0106,2024-09-02,C0295,P0015,X,261.21,CASH,2025-07-10,Hot fall sound around.
ORD0107,2025-03-30,C0467,P0086,19,ERROR,CARD,,Live painting professional decision kind trade parent.
ORD0108,2024-06-26,C0068,P0269,null,1339.89,CASH,2025-07-06,
ORD0109,2024-12-01,C0207,P0291,17,ERROR,CASH,2025-07-21,Happy man draw.
ORD0110,2025-05-03,,P0067,null,234.84,TRANSFER,2025-07-23,Far experience open recently shake soon you.
ORD0111,2024-12-11,C0271,P0028,X,ERROR,CASH,2025-07-23,Civil foot particularly.
ORD0112,2025-02-25,,P0159,null,253.45,CRYPTO,2025-07-11,Fall total machine control heavy use quite.
ORD0113,2024-10-09,C0036,P0073,4,1072.01,CRYPTO,2025-06-24,
ORD0114,2024-11-12,C0425,P0235,null,798.64,CRYPTO,,Mr consider wind both anyone our reduce may.
ORD0115,2025-04-13,C0371,P0236,null,889.57,CRYPTO,2025-07-05,
ORD0116,2025-03-13,C0163,INVALID,-5,880.5,TRANSFER,2025-07-19,Quite can cultural itself significant around establish.
ORD0117,2025-02-15,C0205,P0089,X,682.32,CRYPTO,,Medical camera shoulder national majority the sort.
ORD0118,2024-12-26,,P0042,-5,893.43,CASH,,
ORD0119,2025-06-16,C0253,P0105,X,327.3,TRANSFER,2025-07-04,Put ground history personal mention begin.
ORD0120,2024-08-24,C0202,P0126,-5,262.34,,2025-07-20,Purpose tonight college describe institution pretty store.
ORD0121,2024-11-14,C0233,P0285,X,670.39,CARD,,Live learn likely make phone.
ORD0122,2025-04-16,C0329,P0192,8,911.39,CRYPTO,2025-07-12,
ORD0123,2024-11-19,C0063,INVALID,X,1198.46,CARD,2025-07-12,Father seat outside focus doctor spring.
ORD0124,2024-08-04,C0481,P0052,6,298.42,CARD,,Get apply chance particularly.
ORD0125,2024-08-22,C0015,P0202,2,1159.97,CARD,2025-06-28,Realize he create population inside.
ORD0126,2024-09-24,C0423,P0242,X,141.08,CASH,,
ORD0127,2025-03-09,,P0238,-5,1195.92,TRANSFER,,Wall home support speak.
ORD0128,2024-09-14,C0166,P0050,-5,ERROR,CARD,2025-07-21,Radio why site indeed everybody.
ORD0129,2024-12-31,C0371,P0163,1,1051.9,CARD,2025-07-03,
ORD0130,2024-12-08,C0088,P0069,X,174.18,TRANSFER,2025-07-01,
ORD0131,2024-09-01,,P0168,20,1364.45,,2025-07-22,Country summer always however.
ORD0132,BAD_DATE,C0416,P0218,X,1107.73,TRANSFER,2025-07-01,Improve article occur minute.
ORD0133,2024-06-23,C0463,P0274,-5,ERROR,,2025-07-16,
ORD0134,2025-05-29,C0003,INVALID,-5,351.54,,2025-07-21,Deal be develop sign him new.
ORD0135,2024-12-20,C0445,P0014,-5,ERROR,CRYPTO,,
ORD0136,2025-03-28,,P0092,-5,912.32,CARD,2025-07-05,There body fish behavior.
ORD0137,BAD_DATE,C0023,P0189,null,366.03,CARD,2025-06-28,Admit evidence watch always change remain of.
ORD0138,2025-06-08,C0485,P0257,null,511.97,,2025-07-16,
ORD0139,BAD_DATE,C0136,P0204,X,393.19,CARD,2025-06-26,Water water church.
ORD0140,2025-01-02,C0314,P0118,-5,208.59,CARD,2025-07-22,
ORD0141,BAD_DATE,C0195,P0097,X,644.44,CRYPTO,2025-07-06,And morning edge computer film too name radio.
ORD0142,2024-07-29,C0088,INVALID,-5,311.92,,2025-07-08,Happy same my defense.
ORD0143,2025-06-18,C0299,P0048,-5,334.66,,2025-07-09,As its likely century economic talk admit.
ORD0144,2025-02-03,C0065,P0093,null,779.34,CRYPTO,,Situation ask word risk prove conference new.
ORD0145,BAD_DATE,C0076,P0146,-5,111.8,CRYPTO,2025-07-22,
ORD0146,2024-11-21,C0455,P0247,null,822.36,CRYPTO,2025-07-14,Lay growth letter pay against section consider message.
ORD0147,2025-03-16,C0459,INVALID,-5,486.15,,2025-07-14,Need threat federal bed kitchen.
ORD0148,2025-03-29,C0229,P0216,-5,418.09,CASH,2025-07-02,Election school letter camera rise bill think real.
ORD0149,2024-12-02,C0268,P0204,12,49.79,CASH,,Recognize name degree clearly appear.
ORD0150,2024-08-10,C0296,P0055,null,1171.17,CARD,2025-07-01,
ORD0151,2024-12-13,C0251,P0043,null,1037.87,CASH,,
ORD0152,2024-08-31,C0165,P0052,7,1086.02,,2025-07-04,Whatever include main.
ORD0153,2024-10-21,C0248,P0208,-5,ERROR,,2025-07-11,Admit forward remember carry because.
ORD0154,2024-10-16,C0136,P0007,null,1212.92,TRANSFER,2025-07-23,Major prove while.
ORD0155,BAD_DATE,C0365,P0066,X,128.54,CRYPTO,2025-06-24,
ORD0156,2025-01-21,,P0197,7,1429.87,CARD,,Fight baby fight draw myself report always.
ORD0157,2024-11-09,C0447,P0006,-5,,TRANSFER,2025-07-06,
ORD0158,BAD_DATE,C0332,P0206,X,ERROR,CRYPTO,,Thought image central teach station.
ORD0159,2025-05-06,C0106,P0028,X,1482.66,CASH,2025-07-04,
ORD0160,2024-10-17,C0039,P0133,null,1009.91,CRYPTO,2025-07-19,Look house room discover commercial.
ORD0161,2025-04-26,C0031,P0060,-5,758.51,TRANSFER,2025-07-19,
ORD0162,2025-04-19,C0344,P0231,-5,441.75,CASH,2025-07-12,Big not local color.
ORD0163,2024-10-30,C0420,P0243,-5,820.93,CRYPTO,2025-06-30,Interesting subject story weight assume.
ORD0164,2024-11-04,C0250,P0274,X,,CARD,2025-07-17,
ORD0165,2025-06-23,C0107,P0058,4,785.72,CASH,2025-06-30,Board key big time mouth finish raise.
ORD0166,2025-05-29,C0390,P0218,-5,230.11,CARD,,Will improve interesting represent.
ORD0167,2025-05-18,C0440,P0197,X,437.02,CASH,2025-07-11,
ORD0168,BAD_DATE,C0484,P0041,null,68.48,CARD,,Research about role black agreement treatment sound.
ORD0169,2024-07-07,C0233,P0173,-5,65.37,CASH,2025-07-21,
ORD0170,2025-03-12,C0435,P0133,-5,44.25,,2025-06-29,Professional pressure letter minute.
ORD0171,2024-10-09,C0469,P0233,16,9.18,TRANSFER,2025-06-24,Although lay really agreement.
ORD0172,2025-03-04,C0470,P0238,null,372.19,CASH,2025-07-01,
ORD0173,2024-08-16,C0500,P0063,X,515.53,CRYPTO,2025-07-22,Foot church chair deal somebody.
ORD0174,2025-06-17,C0318,P0236,-5,776.26,TRANSFER,2025-07-14,Customer music soldier seem stay.
ORD0175,2025-02-12,C0400,P0190,20,610.75,CASH,2025-07-06,
ORD0176,2025-03-07,C0036,P0173,null,357.52,CRYPTO,2025-07-11,Man road test off through.
ORD0177,2024-10-02,C0085,P0013,X,,TRANSFER,2025-07-03,
ORD0178,BAD_DATE,C0488,P0092,X,1486.05,,2025-07-22,Agency senior close reflect type human current officer.
ORD0179,2025-05-01,C0332,P0214,X,78.25,CRYPTO,2025-06-29,
ORD0180,2024-09-20,C0237,INVALID,-5,259.5,,2025-07-13,
ORD0181,2025-05-29,C0382,P0019,3,1095.75,CARD,2025-06-30,Before enter off season commercial concern.
ORD0182,2024-09-13,C0009,P0183,X,63.87,CRYPTO,,
ORD0183,2025-03-26,C0096,P0273,null,613.06,,2025-06-24,
ORD0184,2024-11-25,C0244,P0128,X,905.14,TRANSFER,2025-07-14,Become already dinner report prove benefit face.
ORD0185,2024-08-24,C0232,P0274,X,692.74,CASH,2025-07-20,Find guy nothing meet season.
ORD0186,2025-01-10,C0061,INVALID,X,1498.12,TRANSFER,,Fall past third sure.
ORD0187,2025-01-13,C0044,P0253,X,1169.03,TRANSFER,2025-06-27,
ORD0188,2024-12-26,C0109,P0141,X,1284.95,,2025-07-02,All audience purpose family serve church we.
ORD0189,2024-08-18,C0258,P0235,null,193.02,CASH,,
ORD0190,BAD_DATE,C0171,P0125,null,ERROR,TRANSFER,2025-07-05,Six mission political save yet girl.
ORD0191,2024-09-10,,P0269,null,1298.55,CASH,2025-07-21,Ago explain knowledge best.
ORD0192,2024-08-15,C0051,P0021,-5,795.22,CARD,2025-07-12,Realize institution yes sit back yes.
ORD0193,2024-09-27,,INVALID,-5,1373.28,,2025-07-10,Poor instead gun family fill marriage offer.
ORD0194,2025-05-20,C0476,P0076,X,396.1,CASH,2025-07-15,Stage different throughout throughout common.
ORD0195,2024-09-13,C0151,P0052,17,1443.42,,,
ORD0196,2024-12-15,C0091,P0041,null,823.48,TRANSFER,2025-07-15,Range movie receive spend bar.
ORD0197,2024-09-30,C0272,P0155,X,1321.28,TRANSFER,2025-06-26,Western move process plan despite.
ORD0198,2024-11-04,C0266,P0012,-5,294.82,TRANSFER,2025-07-10,
ORD0199,2024-07-17,C0349,P0132,X,285.59,TRANSFER,2025-07-20,Heart though public product relationship government west.
ORD0200,2024-12-17,,P0041,-5,602.56,CARD,2025-07-19,Box imagine would.
ORD0201,BAD_DATE,C0057,P0222,null,1011.13,CARD,2025-06-25,Join machine high.
ORD0202,BAD_DATE,C0028,P0099,null,,CRYPTO,,Throw yet police his report front head.
ORD0203,2024-11-29,C0295,P0156,12,446.25,TRANSFER,,Well full approach fish structure.
ORD0204,2024-08-30,C0034,P0277,null,859.27,TRANSFER,2025-07-19,Spend peace little case.
ORD0205,2025-02-22,C0142,P0125,8,1097.17,TRANSFER,2025-07-10,
ORD0206,2024-09-17,C0318,P0026,X,242.1,TRANSFER,2025-06-28,Fill hair movie.
ORD0207,2024-12-28,C0208,P0243,-5,632.6,CRYPTO,,Door pressure inside here.
ORD0208,2025-03-03,C0052,P0224,null,555.54,TRANSFER,,Me time picture marriage across data.
ORD0209,BAD_DATE,C0422,P0096,X,794.84,CASH,2025-06-24,Raise major that huge sometimes go use drive.
ORD0210,2024-11-25,C0138,P0024,X,467.83,CASH,2025-06-27,People current hard do will.
ORD0211,2025-03-07,C0088,P0093,null,127.84,CARD,2025-07-08,Music mouth myself voice nation amount box.
ORD0212,2024-11-04,C0178,P0140,7,1233.95,CARD,2025-07-23,
ORD0213,2025-03-16,C0362,INVALID,10,1473.4,CASH,2025-07-15,Themselves item compare girl audience color wide.
ORD0214,2024-09-08,C0376,P0213,X,535.24,CASH,2025-07-22,Grow land model.
ORD0215,2024-08-06,,P0141,-5,1137.7,CASH,2025-07-06,Travel step pay.
ORD0216,BAD_DATE,C0465,P0163,14,68.27,CRYPTO,2025-07-02,Blood raise return degree organization.
ORD0217,2025-06-02,C0245,INVALID,X,347.47,TRANSFER,,Whatever man bill for sound majority red case.
ORD0218,2024-11-11,C0437,P0167,null,513.2,,2025-06-27,Realize pretty decade decision edge seat peace.
ORD0219,2025-04-04,C0123,P0148,10,444.28,,2025-07-22,Say kind resource than.
ORD0220,2025-03-10,C0349,P0236,-5,1367.59,CRYPTO,,Dark item agent painting guess candidate a.
ORD0221,2024-12-16,,P0169,X,ERROR,,2025-07-17,Edge lose discover wear on white.
ORD0222,2025-04-24,C0461,P0244,null,465.06,CARD,2025-07-21,Arrive better mean worry between professor turn.
ORD0223,2025-01-20,C0493,P0007,-5,1295.31,CRYPTO,2025-07-05,Large line professional pass state space happy.
ORD0224,2025-06-01,,P0164,null,1440.16,CRYPTO,,
ORD0225,2025-05-09,C0172,P0228,-5,1374.83,CRYPTO,2025-07-02,Themselves know success key lay prevent necessary.
ORD0226,2025-02-25,,P0256,11,ERROR,CASH,2025-06-29,
ORD0227,2024-09-04,C0452,P0088,-5,555.72,CASH,2025-07-03,
ORD0228,2025-04-11,,P0131,null,753.95,TRANSFER,2025-06-27,Since trade win another if design general cold.
ORD0229,2024-07-09,C0437,P0293,-5,1473.54,CASH,,Reduce project ahead name financial.
ORD0230,BAD_DATE,,P0250,null,1458.85,CRYPTO,2025-07-04,
ORD0231,2025-05-25,C0243,P0177,null,1248.47,CASH,2025-07-07,
ORD0232,2024-12-19,C0251,INVALID,11,,CARD,,
ORD0233,2024-12-08,C0242,P0272,4,ERROR,CASH,2025-07-21,Someone get season explain arm think become so.
ORD0234,2024-07-23,C0420,P0150,-5,440.61,,2025-07-16,
ORD0235,2024-10-27,,P0232,null,328.12,,2025-06-30,
ORD0236,2025-03-26,C0149,P0016,-5,1236.79,CRYPTO,2025-07-06,
ORD0237,2025-06-18,C0269,P0300,18,791.69,CASH,2025-07-03,
ORD0238,BAD_DATE,C0387,P0181,X,1325.8,CARD,2025-07-07,Since upon whom until citizen against able what.
ORD0239,2025-03-21,C0049,P0213,null,ERROR,CRYPTO,2025-07-15,
ORD0240,2025-01-14,,P0012,11,1209.89,TRANSFER,,Strategy thousand window against board young sell.
ORD0241,2024-07-05,C0172,P0146,X,,CARD,,Thank stand radio hand miss.
ORD0242,2025-06-09,C0377,P0252,19,1083.27,,2025-06-29,Brother current special apply from technology.
ORD0243,2024-07-28,C0280,P0193,17,818.84,CARD,2025-06-26,Amount however body purpose wonder sit.
ORD0244,2025-06-12,C0250,P0068,-5,301.94,CARD,2025-07-19,Example small player get number deal population.
ORD0245,2025-01-23,C0235,P0064,3,948.16,,2025-06-27,
ORD0246,2024-11-19,,INVALID,null,329.09,CRYPTO,,Identify raise citizen career school head none.
ORD0247,2024-08-17,C0364,P0057,null,487.92,CASH,2025-06-30,The hair sit clear major painting.
ORD0248,2024-10-24,C0266,P0092,8,1324.16,CARD,2025-07-12,
ORD0249,2024-10-01,C0439,P0206,X,1086.42,TRANSFER,2025-07-20,Western girl by single color.
ORD0250,2025-04-20,C0432,P0181,11,1377.6,TRANSFER,2025-07-18,General lawyer much speak hand parent.
ORD0251,2024-07-04,C0058,P0215,X,759.81,CASH,2025-06-27,Together send girl office job.
ORD0252,2025-02-16,C0266,P0143,-5,494.52,CARD,2025-07-21,Series practice bar produce.
ORD0253,2024-07-14,C0011,P0186,13,695.26,CRYPTO,2025-07-15,That movie morning realize environment else sport himself.
ORD0254,2024-07-27,C0211,P0163,-5,613.76,,2025-07-19,Officer matter effect.
ORD0255,2024-12-05,C0338,P0273,null,1296.7,CASH,2025-07-20,Step and fill these continue require.
ORD0256,2024-08-21,C0183,P0207,18,20.95,TRANSFER,2025-07-23,Rock land city level none between or without.
ORD0257,2025-05-21,C0126,P0238,-5,1231.42,,,
ORD0258,2024-11-26,C0357,P0231,6,48.95,,2025-07-21,Should expert realize try.
ORD0259,BAD_DATE,C0185,P0091,null,,CASH,2025-07-03,
ORD0260,2025-05-14,C0046,P0002,8,ERROR,TRANSFER,2025-07-21,
ORD0261,BAD_DATE,C0489,P0172,18,788.19,,,Agreement eight word pretty might catch over very.
ORD0262,2024-09-02,C0056,P0089,null,,CASH,2025-07-14,Professional far big north.
ORD0263,2024-08-25,C0450,P0051,16,957.07,TRANSFER,2025-06-30,Play head into purpose.
ORD0264,2024-07-11,C0279,P0215,null,1095.25,CASH,2025-07-20,Left accept too enjoy factor fight main itself.
ORD0265,BAD_DATE,C0231,P0211,null,896.13,TRANSFER,2025-07-21,Begin group prove lead hour if.
ORD0266,2025-03-20,C0449,P0015,X,1362.37,CARD,,
ORD0267,2024-07-21,C0136,P0071,-5,1324.01,CARD,2025-06-25,Imagine might various.
ORD0268,BAD_DATE,C0179,P0258,13,590.68,CARD,2025-06-26,
ORD0269,2025-03-04,C0201,P0293,X,521.96,,2025-07-14,
ORD0270,2024-08-23,C0484,P0012,16,119.0,CARD,2025-07-09,Consumer institution person seat early.
ORD0271,2024-11-07,C0159,P0128,14,1213.73,CRYPTO,2025-07-16,Will method want yourself.
ORD0272,2025-05-30,C0297,P0242,null,960.74,CRYPTO,2025-07-04,
ORD0273,2025-04-03,C0176,P0190,19,167.74,CRYPTO,2025-06-25,
ORD0274,2025-04-04,C0063,INVALID,null,350.87,,2025-06-25,Design even recently break language high pay who.
ORD0275,2024-08-31,C0233,P0200,-5,517.71,TRANSFER,2025-07-07,
ORD0276,2024-08-26,C0406,P0099,X,ERROR,,2025-06-30,Especially find animal Democrat fast.
ORD0277,2024-11-13,C0148,P0083,X,613.88,CARD,2025-07-03,
ORD0278,2025-05-02,C0005,P0123,null,1085.82,CRYPTO,2025-07-04,Example current director seek support while design.
ORD0279,2025-05-25,C0351,P0103,null,911.82,TRANSFER,2025-06-26,Official standard develop group support memory company.
ORD0280,2024-08-03,C0349,P0151,5,114.88,CASH,2025-07-08,International social who man.
ORD0281,2025-05-03,C0495,INVALID,X,506.11,TRANSFER,2025-07-08,
ORD0282,2024-07-16,C0286,INVALID,X,142.88,TRANSFER,2025-07-22,Notice if structure never from agreement.
ORD0283,2024-08-26,C0156,P0236,-5,1044.65,TRANSFER,2025-07-01,Short cup change box.
ORD0284,2025-01-14,C0034,P0228,null,444.45,TRANSFER,2025-06-29,Bed three someone home drive itself.
ORD0285,2025-05-15,C0008,P0091,X,613.84,TRANSFER,2025-07-13,Close agent point city.
ORD0286,2024-10-08,C0112,P0257,null,1245.23,TRANSFER,2025-07-18,Day build bit last office.
ORD0287,2025-05-10,C0304,P0170,X,1168.14,CRYPTO,2025-07-14,Boy school sign myself treat can fast.
ORD0288,2025-04-29,C0251,P0082,13,741.1,CARD,2025-06-27,Worker give find scene purpose.
ORD0289,2025-01-12,C0221,P0036,-5,655.88,,2025-07-01,Half its list first or area.
ORD0290,2024-11-05,C0428,INVALID,-5,74.31,CASH,2025-07-03,
ORD0291,2024-07-03,,INVALID,-5,179.19,,2025-07-12,Democrat quality table now.
ORD0292,2025-05-13,C0180,P0267,null,ERROR,TRANSFER,,Kid teacher add program soon particular paper.
ORD0293,BAD_DATE,C0403,P0198,4,1416.05,CARD,2025-06-29,
ORD0294,2024-08-15,C0341,INVALID,13,87.8,CRYPTO,,Evidence issue total stop employee.
ORD0295,2024-09-10,C0288,P0134,null,545.18,,2025-06-30,Development finish production defense parent interest.
ORD0296,2025-01-07,C0045,P0276,X,913.1,,2025-07-19,
ORD0297,2025-01-04,C0074,P0274,X,1145.29,CASH,2025-07-16,
ORD0298,2024-12-02,C0101,P0225,-5,1028.94,CRYPTO,2025-06-25,Stand matter contain rise.
ORD0299,2024-07-08,C0471,P0031,null,ERROR,,,Yes it last quite anyone.
ORD0300,2025-03-31,,P0204,X,ERROR,CARD,2025-07-09,
ORD0301,2024-07-30,C0243,P0021,7,384.77,CARD,2025-06-27,Focus interesting computer experience official.
ORD0302,BAD_DATE,C0128,P0262,10,82.82,TRANSFER,2025-06-28,I ten could country mouth floor nice.
ORD0303,2024-09-10,C0327,P0226,null,827.69,CASH,2025-07-16,Store poor part though.
ORD0304,BAD_DATE,C0205,P0064,null,167.62,,2025-07-17,More section role age hair mission.
ORD0305,2025-01-21,C0051,P0135,-5,730.48,CARD,2025-06-27,Analysis think cause court population.
ORD0306,2024-11-04,C0472,P0297,-5,968.01,CASH,2025-07-18,
ORD0307,2025-04-23,C0160,P0058,null,ERROR,,2025-07-01,Talk different write could professor necessary without.
ORD0308,2025-01-05,C0224,P0188,-5,1247.93,CRYPTO,2025-07-03,Audience push power respond civil.
ORD0309,2025-05-24,C0166,P0174,X,1444.88,,2025-07-11,
ORD0310,2024-08-01,C0072,P0125,8,,,2025-07-10,Ball second single structure similar begin try student.
ORD0311,2024-10-25,C0103,P0108,20,12.41,TRANSFER,2025-06-25,
ORD0312,BAD_DATE,C0214,P0169,1,673.91,,2025-07-06,Especially available next church debate.
ORD0313,2024-12-07,C0155,P0038,20,451.17,CRYPTO,2025-07-17,Garden but view artist learn.
ORD0314,2024-09-15,C0153,P0252,X,1002.32,,2025-07-18,Mother series continue beautiful.
ORD0315,2025-06-23,C0322,P0134,X,1341.12,,2025-07-22,Condition reality never real.
ORD0316,2025-03-07,C0094,P0228,-5,ERROR,,2025-07-19,Throughout sense because relate.
ORD0317,2024-08-15,C0449,P0231,null,969.48,CRYPTO,,Each past power establish lawyer likely maybe.
ORD0318,2024-12-27,C0050,P0291,4,190.59,,2025-07-11,
ORD0319,2025-06-23,C0227,P0019,null,,,2025-07-06,Possible east require consumer budget buy.
ORD0320,2024-09-24,C0258,P0076,-5,1042.48,,2025-07-15,Sit model effort director during father opportunity organization.
ORD0321,2025-01-20,C0365,P0014,12,76.0,CASH,2025-07-07,Dog call discover measure happen home billion.
ORD0322,2024-12-21,C0182,P0190,-5,848.87,,2025-07-17,
ORD0323,2025-05-04,C0216,P0150,X,1205.91,CARD,2025-06-25,
ORD0324,2024-11-17,C0237,P0082,2,276.76,TRANSFER,2025-07-20,
ORD0325,2024-08-25,,P0157,null,,TRANSFER,2025-06-24,Happy four trade many.
ORD0326,2025-02-12,C0491,P0226,-5,876.43,CRYPTO,2025-07-09,
ORD0327,2025-01-11,C0046,P0080,7,1135.55,,2025-07-18,Project thousand make somebody treat note take.
ORD0328,2024-12-25,C0315,P0066,-5,937.54,CASH,2025-06-30,Low marriage message read life design serious.
ORD0329,2025-02-13,C0403,P0150,6,1151.11,CRYPTO,2025-07-18,
ORD0330,2024-11-17,C0263,P0132,4,566.92,CARD,,Sign stuff southern per small save.
ORD0331,2025-06-21,C0318,P0015,-5,448.14,TRANSFER,,Table important who determine blood enough reflect.
ORD0332,2025-05-02,C0290,P0299,X,908.97,CRYPTO,2025-06-24,Tax assume we range on get sea.
ORD0333,2025-01-08,C0028,P0300,9,1095.99,CASH,,
ORD0334,2025-05-28,C0202,INVALID,-5,1471.95,TRANSFER,2025-07-23,Arrive worry chance.
ORD0335,BAD_DATE,C0344,P0261,null,1334.28,CRYPTO,,Others bad main nor white describe.
ORD0336,2024-08-07,,P0265,7,805.22,CASH,2025-07-13,Produce peace trade then base state.
ORD0337,2025-04-02,C0448,P0088,-5,579.23,CARD,2025-07-23,Down middle indeed guy international.
ORD0338,2025-03-22,C0430,P0080,1,376.06,CARD,2025-07-20,Spring it prepare.
ORD0339,BAD_DATE,,P0257,-5,158.9,,2025-06-30,Seem everything body research leader relate.
ORD0340,2025-05-10,,P0192,-5,,,2025-07-18,Easy outside mind will.
ORD0341,2025-04-08,C0333,P0249,6,1189.49,CRYPTO,2025-07-14,Story reveal wear detail agree floor right.
ORD0342,2024-10-11,C0305,P0269,19,1430.17,TRANSFER,,Indeed agree sometimes sense recent.
ORD0343,2025-05-25,,P0248,X,166.99,CASH,2025-07-04,Board Republican major century.
ORD0344,2024-06-27,C0247,P0008,-5,1211.58,TRANSFER,,Reduce state gun discussion find.
ORD0345,BAD_DATE,C0443,P0034,X,1171.89,CASH,2025-07-09,Sing ten now crime everybody.
ORD0346,2024-10-14,,P0159,X,647.66,CASH,2025-07-15,
ORD0347,2024-09-23,C0346,P0077,null,1441.14,,2025-06-30,
ORD0348,2025-06-17,C0368,P0062,15,ERROR,CASH,2025-07-05,Buy three marriage relationship this we sure rest.
ORD0349,2025-02-08,,P0183,-5,712.1,,2025-07-01,Professional into across possible.
ORD0350,2025-01-30,C0074,P0292,-5,180.99,CRYPTO,,Sure government performance year than.
ORD0351,2025-04-28,C0496,P0007,8,1458.65,CASH,2025-07-22,
ORD0352,2024-07-13,C0115,P0269,X,,,,Past through public society.
ORD0353,2025-01-26,C0328,P0104,X,327.78,CASH,2025-07-23,Either product thing without either.
ORD0354,2024-08-05,C0155,P0017,-5,1492.06,CASH,2025-07-06,Against pattern expert defense.
ORD0355,2024-09-04,C0369,P0051,null,912.06,,2025-07-05,Week mother PM subject.
ORD0356,2024-12-31,C0004,P0260,X,995.5,CARD,2025-07-06,Choose everybody ball practice position economy.
ORD0357,2024-09-29,C0320,INVALID,null,977.03,CASH,2025-07-08,
ORD0358,2025-02-21,C0059,P0274,X,782.71,CARD,,
ORD0359,2025-01-03,,P0276,null,843.92,,,
ORD0360,2025-01-02,C0451,P0029,-5,,CRYPTO,,Talk commercial improve respond build letter skin to.
ORD0361,2024-07-27,C0050,P0268,-5,1346.39,CARD,2025-06-30,Then help risk hard carry about somebody.
ORD0362,2024-11-29,C0054,P0132,X,1331.49,CRYPTO,,
ORD0363,2024-10-07,C0427,P0094,-5,ERROR,CASH,2025-07-22,Politics fly assume.
ORD0364,2024-12-28,C0201,P0126,-5,851.57,,2025-07-05,Card ever we natural wonder environment.
ORD0365,2024-10-16,,P0234,-5,49.76,CASH,2025-07-03,Camera never look like.
ORD0366,2025-02-16,C0208,P0137,X,1177.19,CASH,,Image prove century like yard site success.
ORD0367,2024-07-16,C0095,P0047,X,1145.84,,2025-07-03,Garden drug skill summer none skill.
ORD0368,2025-03-17,C0431,P0033,-5,224.19,,,Four challenge toward ahead education little series.
ORD0369,2025-05-16,C0134,P0068,null,144.78,CARD,2025-07-18,
ORD0370,2025-06-01,C0349,P0032,X,861.51,,,Direction edge of fish.
ORD0371,2025-05-12,C0337,P0125,null,947.38,,2025-07-07,Large recent attention already.
ORD0372,2024-07-15,C0222,P0298,X,328.86,CASH,2025-06-26,Able manage research as.
ORD0373,2025-02-17,C0012,P0051,null,1214.07,CASH,2025-07-18,Data provide treat step.
ORD0374,BAD_DATE,C0420,P0027,null,ERROR,CASH,2025-06-25,
ORD0375,2024-12-10,C0124,P0038,-5,1211.81,CARD,2025-07-18,Both conference factor system.
ORD0376,2025-03-10,C0380,P0060,-5,508.59,CARD,2025-07-19,Speak other nor unit chance attack.
ORD0377,2025-01-04,C0103,P0244,4,184.68,CARD,2025-06-26,Weight hotel spring management.
ORD0378,2025-03-09,C0149,P0278,17,1166.94,CARD,2025-07-20,Anyone anything change foreign people hold.
ORD0379,2025-01-12,C0052,P0250,19,227.68,CASH,,Anything discover authority bank tonight improve with.
ORD0380,2025-02-03,C0253,P0005,null,1160.85,CASH,2025-07-20,Phone system space factor.
ORD0381,BAD_DATE,C0141,P0058,X,411.49,CASH,2025-07-18,Of true leader general decision act meet.
ORD0382,2024-08-19,C0358,P0227,16,1282.68,CARD,,Crime common develop class story receive central.
ORD0383,2024-07-01,C0238,P0100,X,250.55,CARD,2025-07-03,Go television along part.
ORD0384,2024-11-03,C0218,P0234,-5,6.46,CARD,2025-06-24,He technology rather gas six question center.
ORD0385,2024-07-17,C0146,P0129,-5,773.28,,2025-07-19,Leg because important really although child she.
ORD0386,2025-03-02,C0289,P0139,X,1361.47,CRYPTO,2025-07-13,
ORD0387,2025-01-24,C0298,P0091,14,1497.67,CRYPTO,2025-07-18,Specific single remember from beautiful writer agency.
ORD0388,BAD_DATE,C0331,P0248,-5,,CRYPTO,,Field market management others who.
ORD0389,2024-08-09,C0337,P0154,null,117.21,CRYPTO,2025-07-18,Chance save news feeling.
ORD0390,2025-03-11,C0022,P0273,1,1222.4,CARD,,Mrs team threat contain us expect body.
ORD0391,BAD_DATE,C0182,P0141,null,1454.39,CARD,2025-07-20,Military sure fine investment.
ORD0392,2025-04-03,C0240,P0258,X,76.63,CARD,2025-07-05,Information we figure level.
ORD0393,2025-03-21,C0235,P0226,-5,ERROR,,2025-07-01,
ORD0394,2024-10-17,C0082,P0094,null,422.47,,2025-07-03,
ORD0395,2024-06-28,C0439,P0164,18,911.77,,2025-07-07,Guy activity former team work party only.
ORD0396,2024-10-04,C0108,P0261,7,485.48,CRYPTO,2025-07-14,Stay eight beat.
ORD0397,2025-02-28,C0362,P0084,1,1161.61,CRYPTO,2025-07-19,Avoid especially worker food hotel.
ORD0398,2025-01-20,C0263,P0222,10,785.1,CARD,2025-06-27,Again seat television threat sport road pretty.
ORD0399,2025-02-23,,P0049,null,1424.39,CARD,2025-07-21,Physical boy suffer either plant charge.
ORD0400,2024-08-20,C0181,P0227,3,942.33,,,Lose entire over position whether enough radio.
ORD0401,2024-07-02,C0289,P0276,-5,,CARD,2025-07-14,Ready sing officer to city answer.
ORD0402,2024-12-18,C0367,P0100,-5,423.3,TRANSFER,2025-07-15,Your fine man toward main until put.
ORD0403,2025-04-27,C0072,P0119,-5,,CASH,2025-07-16,Rise young Republican night.
ORD0404,2025-04-26,C0391,P0257,X,900.26,TRANSFER,2025-06-25,
ORD0405,2024-10-10,C0473,P0272,-5,91.98,CRYPTO,2025-07-09,Interview grow be point so right.
ORD0406,2025-03-08,C0470,P0154,null,1328.73,CARD,2025-07-15,Move mind cultural still state as.
ORD0407,2024-07-24,C0248,P0108,-5,1145.63,TRANSFER,2025-07-01,Democratic officer interesting young leave agency.
ORD0408,2025-04-21,C0242,P0080,-5,199.39,CARD,,Off right sing daughter lose.
ORD0409,BAD_DATE,C0093,P0099,20,ERROR,CASH,,Process these factor fear evidence second.
ORD0410,2024-11-04,C0475,P0088,16,142.64,,2025-07-04,Himself important various product.
ORD0411,2025-05-12,C0338,P0081,X,1088.86,TRANSFER,2025-06-24,Hair space west game remain.
ORD0412,2024-12-29,C0067,P0265,12,1384.63,TRANSFER,2025-06-29,
ORD0413,2025-04-27,C0302,P0214,-5,1473.06,CASH,2025-07-02,
ORD0414,2024-08-16,C0179,P0138,13,1399.07,CARD,2025-07-12,Identify energy total money value president.
ORD0415,2025-01-17,C0425,P0135,X,,,2025-07-07,Agree environmental from movie population strong.
ORD0416,2025-03-04,C0024,P0156,16,,,2025-07-02,Lose image leg single wish happen marriage decision.
ORD0417,2024-08-14,,P0157,13,ERROR,CARD,2025-06-29,Few education for concern.
ORD0418,2025-01-12,C0119,P0182,16,683.53,CRYPTO,,Reflect task cold country reason realize.
ORD0419,2024-09-12,,P0162,X,ERROR,TRANSFER,2025-07-02,Effort early use move wife form.
ORD0420,2024-08-09,C0479,P0218,18,474.73,CRYPTO,2025-07-04,Season forget each war floor executive west.
ORD0421,2024-08-04,C0166,P0214,null,261.02,,,
ORD0422,2025-04-07,C0396,INVALID,-5,1441.72,CASH,2025-07-20,
ORD0423,2025-01-15,C0376,P0029,X,ERROR,CASH,2025-07-15,Analysis meeting newspaper sea when management become.
ORD0424,2025-06-21,C0054,P0182,-5,311.35,TRANSFER,2025-07-04,
ORD0425,2024-06-24,C0090,P0072,X,1361.92,TRANSFER,,Party discover onto pass statement with.
ORD0426,BAD_DATE,C0197,P0141,-5,122.5,CRYPTO,,Network partner their responsibility race test great.
ORD0427,2024-12-11,C0216,INVALID,-5,572.85,,2025-07-07,Discuss generation source budget power trouble read himself.
ORD0428,2024-12-12,C0032,P0107,4,635.74,TRANSFER,,Hold exactly concern as form adult really.
ORD0429,2025-02-10,C0059,P0132,5,1469.42,CARD,2025-07-02,
ORD0430,2024-12-29,,P0192,-5,704.25,CARD,2025-07-15,Protect will admit sit concern beyond simple.
ORD0431,BAD_DATE,C0227,INVALID,null,1464.77,CARD,2025-07-03,Change huge well.
ORD0432,2024-10-23,C0311,P0196,X,289.63,CASH,2025-07-13,School modern most treatment goal outside.
ORD0433,2024-09-05,C0016,P0287,-5,1337.64,CARD,,
ORD0434,2024-09-20,C0165,P0111,18,464.11,CRYPTO,2025-07-23,East bag scientist including.
ORD0435,2024-09-09,C0231,P0226,9,1090.35,CRYPTO,2025-07-07,Mean yard treat scene kid cut whose.
ORD0436,2025-03-05,C0327,P0055,-5,870.32,CASH,,American ability thus significant source end necessary.
ORD0437,2025-02-19,C0103,INVALID,-5,,CARD,2025-07-03,Serve people office source trial.
ORD0438,2024-08-29,C0252,P0246,null,69.29,TRANSFER,2025-07-19,
ORD0439,2025-03-19,C0147,P0241,X,649.58,TRANSFER,2025-07-06,Card second land dream in bed.
ORD0440,2024-07-20,C0380,P0024,X,84.09,TRANSFER,2025-06-24,
ORD0441,2025-03-27,C0417,P0200,14,1024.66,,,
ORD0442,2024-11-29,C0405,P0250,5,600.55,CRYPTO,2025-07-15,
ORD0443,2024-12-09,C0299,P0193,-5,1391.89,CRYPTO,2025-07-12,Respond move yet feeling field continue.
ORD0444,2024-06-23,,INVALID,null,1112.67,CARD,2025-06-24,Simply rate plan will apply.
ORD0445,2025-03-01,C0050,INVALID,-5,772.52,TRANSFER,2025-06-26,Enough enough story country.
ORD0446,2024-10-14,C0415,P0276,-5,117.39,CARD,,In age appear toward strategy.
ORD0447,2024-08-25,C0003,P0146,X,960.4,CARD,,
ORD0448,2025-02-09,C0209,P0069,null,1341.93,CRYPTO,2025-07-02,Walk form spend sound like certain trip world.
ORD0449,2025-05-04,C0443,P0038,-5,1241.85,CRYPTO,2025-07-17,
ORD0450,2025-03-09,,P0212,-5,ERROR,CRYPTO,,Fall pay top action discover later.
ORD0451,2024-07-25,C0374,P0078,4,1396.23,CRYPTO,2025-07-08,
ORD0452,2025-03-24,C0373,P0294,null,860.92,TRANSFER,2025-06-26,Painting serve general ago.
ORD0453,2025-03-31,C0255,P0046,5,1245.47,CARD,2025-07-23,Two where feeling range scene my subject office.
ORD0454,2025-04-04,C0107,P0168,-5,1031.73,CARD,2025-06-26,
ORD0455,2024-07-22,C0243,P0134,-5,1138.03,CARD,2025-07-01,Between doctor should you activity.
ORD0456,2025-05-20,C0183,P0150,X,351.29,CRYPTO,2025-07-16,Wide according understand couple rich record particular.
ORD0457,2024-10-28,C0287,P0072,18,368.33,TRANSFER,2025-07-11,Administration make crime market be.
ORD0458,2025-04-03,C0411,P0035,-5,ERROR,TRANSFER,2025-07-23,
ORD0459,2025-05-14,,P0161,X,1493.89,CARD,2025-06-29,Throw poor final middle among.
ORD0460,2025-05-02,C0193,P0185,-5,511.01,CARD,2025-07-20,
ORD0461,2025-01-07,C0292,P0229,3,677.22,CASH,2025-07-16,Treat walk for carry law.
ORD0462,2025-02-09,,P0110,X,741.78,TRANSFER,,Score as investment alone though per.
ORD0463,2024-09-08,C0153,P0240,-5,819.17,CARD,,
ORD0464,2025-02-15,C0256,P0186,null,607.16,CRYPTO,,
ORD0465,2025-04-05,C0308,P0133,5,182.9,,2025-07-04,Particularly ask cell data police myself well.
ORD0466,2024-11-12,C0012,P0012,null,96.33,TRANSFER,2025-07-06,Room throughout look there important.
ORD0467,2025-06-11,C0482,P0211,null,747.21,CARD,2025-06-30,Local still base.
ORD0468,2025-02-15,C0425,P0250,-5,779.82,CRYPTO,2025-07-07,Strategy team lead discover national home.
ORD0469,2024-12-23,C0361,P0271,X,1290.85,,2025-07-15,Raise push western box why.
ORD0470,2025-03-29,C0447,INVALID,X,ERROR,,2025-07-18,Glass year land year officer knowledge seek.
ORD0471,2025-03-23,C0496,P0192,16,219.73,TRANSFER,,Next community main land best million.
ORD0472,2024-08-29,C0274,INVALID,-5,260.56,,2025-07-18,Real tell this institution face.
ORD0473,2024-06-30,C0437,P0017,4,527.21,CRYPTO,2025-07-14,Specific far thank everything travel relate then.
ORD0474,2024-11-26,C0313,P0168,null,133.85,CARD,2025-07-14,Car data else political along building most.
ORD0475,BAD_DATE,C0205,P0252,X,1310.81,,2025-06-26,Worker authority stop same near specific reflect have.
ORD0476,BAD_DATE,C0280,P0171,-5,1167.04,,2025-07-22,
ORD0477,2025-06-06,C0057,P0039,X,673.69,CARD,,Pull central with these most change.
ORD0478,2024-08-30,C0480,P0286,2,,TRANSFER,2025-06-25,Its social last edge little direction.
ORD0479,BAD_DATE,C0135,P0273,X,229.76,,2025-06-27,Impact thank technology.
ORD0480,2025-02-19,C0017,P0263,19,ERROR,CASH,2025-07-20,Check miss according also.
ORD0481,2025-06-22,C0134,P0045,null,ERROR,CRYPTO,2025-06-24,Include more draw middle citizen.
ORD0482,2025-03-25,C0455,P0240,null,599.91,CRYPTO,2025-06-27,
ORD0483,2024-07-25,C0072,P0098,null,893.29,,2025-06-30,Citizen candidate realize seek throughout red.
ORD0484,2025-02-06,C0419,P0221,-5,,CASH,,Wish build day sometimes go.
ORD0485,2025-03-01,C0474,P0239,-5,937.04,TRANSFER,,Task feel find member.
ORD0486,2025-01-10,C0468,P0078,7,1176.11,,2025-06-26,
ORD0487,2025-03-10,C0121,P0038,-5,1429.86,CASH,2025-07-23,
ORD0488,BAD_DATE,C0413,P0295,18,ERROR,CRYPTO,2025-07-16,
ORD0489,2024-09-11,C0464,P0271,null,1198.59,,2025-07-18,Apply tree Mrs idea alone threat.
ORD0490,2024-06-27,C0428,P0222,null,1039.23,,2025-07-18,Boy serve world set late.
ORD0491,2024-10-24,C0019,P0206,-5,1263.44,,2025-07-06,Compare yet listen day.
ORD0492,2025-05-31,C0037,P0004,17,1080.19,,,
ORD0493,BAD_DATE,C0307,P0200,null,379.9,CRYPTO,2025-07-15,Family cost experience different draw budget.
ORD0494,2024-11-22,C0476,INVALID,-5,974.31,CASH,2025-07-04,Reveal someone civil security.
ORD0495,2024-12-09,,P0219,null,910.37,CRYPTO,2025-07-13,Include tell wall memory.
ORD0496,2024-06-29,C0485,P0115,-5,916.55,,2025-07-01,
ORD0497,2024-08-04,C0371,P0168,-5,103.7,CRYPTO,2025-07-10,Change tend bed draw world third.
ORD0498,2024-11-21,,P0103,X,,CARD,2025-07-19,Identify question next eat factor contain improve.
ORD0499,2025-01-20,,P0295,13,820.81,,2025-07-13,House message involve her.
ORD0500,2025-04-08,C0333,P0296,X,1216.34,CASH,,
ORD0501,2024-11-25,C0245,P0076,-5,1044.44,,2025-07-02,
ORD0502,2024-08-15,C0436,P0093,null,538.62,CRYPTO,,Help bag meet be daughter vote.
ORD0503,2024-08-15,C0117,P0274,-5,1343.32,,2025-07-05,Remain carry similar north.
ORD0504,BAD_DATE,,P0021,-5,588.79,,,Your somebody type actually where eat air able.
ORD0505,BAD_DATE,,P0277,null,1154.82,,2025-07-20,Capital take keep.
ORD0506,2024-09-22,C0416,P0036,X,44.2,,2025-07-03,Movie out others himself.
ORD0507,2024-09-15,C0312,P0162,16,415.98,CARD,2025-06-26,
ORD0508,2024-10-24,C0350,P0107,14,1445.47,CRYPTO,2025-07-01,Approach parent great.
ORD0509,2025-02-08,C0010,P0084,14,,,2025-07-10,
ORD0510,BAD_DATE,C0027,P0139,18,800.63,CRYPTO,2025-07-17,Measure himself chance stuff head my free.
ORD0511,2025-05-08,C0194,P0112,5,229.13,,2025-06-29,Heavy security at ever senior mother.
ORD0512,2025-02-04,C0221,P0014,X,1373.4,CARD,2025-06-27,Always owner especially sense off million black open.
ORD0513,2025-02-14,C0282,P0226,X,1079.22,TRANSFER,2025-07-07,Marriage fill radio international final.
ORD0514,2024-10-07,C0225,P0193,X,1251.96,CARD,2025-07-12,Record large impact also lay.
ORD0515,2025-06-14,C0316,INVALID,X,867.32,TRANSFER,2025-06-25,
ORD0516,2024-08-29,C0189,P0107,-5,1125.9,,,Available itself account really project interview try.
ORD0517,2025-05-03,C0176,P0229,-5,800.55,CRYPTO,,Against short week yes sister.
ORD0518,2024-11-06,C0030,P0102,null,5.98,CASH,,
ORD0519,2024-12-05,C0048,P0195,X,1025.1,TRANSFER,,Key like trouble later.
ORD0520,2024-12-10,C0117,P0064,-5,556.18,CRYPTO,2025-06-25,
ORD0521,2024-07-01,C0386,INVALID,11,1325.12,CARD,2025-07-10,Build spring deep matter officer indeed.
ORD0522,2024-08-02,C0407,P0297,X,1302.34,,2025-07-14,Whom marriage control we contain behind.
ORD0523,2025-04-26,C0024,P0063,X,588.28,CRYPTO,2025-07-11,
ORD0524,2024-09-01,C0008,P0108,null,501.16,CRYPTO,2025-07-05,
ORD0525,2025-03-13,C0128,P0251,X,62.28,CARD,2025-07-19,
ORD0526,BAD_DATE,C0040,P0184,null,256.04,,2025-06-29,Understand thousand perform happen trip.
ORD0527,2024-08-02,,P0163,X,267.98,CASH,2025-06-26,
ORD0528,2025-01-07,C0145,P0108,X,1279.46,CASH,2025-06-27,White explain run plan short reveal.
ORD0529,2025-06-01,,P0260,-5,277.92,CARD,2025-06-24,Thought gas two on think very leader.
ORD0530,BAD_DATE,C0336,P0131,X,693.73,CARD,2025-06-29,Box management quite.
ORD0531,BAD_DATE,C0150,P0234,-5,214.83,CASH,2025-07-21,
ORD0532,2024-08-03,C0204,INVALID,null,919.02,CRYPTO,2025-07-06,Check evening short.
ORD0533,2025-01-17,C0063,P0216,null,373.7,TRANSFER,2025-07-15,Group test light throughout person early.
ORD0534,2024-12-20,C0040,P0052,X,1026.87,CRYPTO,2025-07-02,Hit machine case yard guy use when.
ORD0535,2025-04-27,C0279,P0159,-5,1270.88,,2025-07-01,Population town once.
ORD0536,2025-03-16,C0362,P0223,null,1246.31,,2025-07-23,Five organization color job garden color.
ORD0537,2024-10-22,C0183,P0154,X,1411.2,,2025-07-12,
ORD0538,2024-11-27,C0440,P0044,null,1352.77,CASH,2025-07-01,Other wear time popular mouth machine open.
ORD0539,2024-10-06,C0366,P0200,X,159.14,CRYPTO,2025-07-07,Study team design wish goal attorney bit them.
ORD0540,2025-05-17,C0188,P0009,-5,394.79,CARD,2025-07-22,Couple simple nearly interesting establish.
ORD0541,2024-10-20,C0150,P0141,null,1374.42,TRANSFER,2025-07-21,
ORD0542,2025-06-03,C0126,P0166,-5,1143.44,CARD,,Bank realize although exist over nice.
ORD0543,2024-12-11,C0137,INVALID,-5,1398.58,,2025-07-16,Behavior light two pattern start.
ORD0544,2025-02-07,C0278,P0091,X,1417.81,CARD,2025-07-20,Claim land new rich modern rest health fish.
ORD0545,2024-08-03,C0028,P0066,X,1453.1,,2025-07-22,Exist difference huge look no employee.
ORD0546,2025-05-06,C0211,P0072,20,1419.37,TRANSFER,2025-07-10,
ORD0547,2024-07-24,C0319,P0020,9,1043.42,CASH,,Sing himself see executive old TV people despite.
ORD0548,2025-03-12,C0041,INVALID,-5,913.87,CARD,,Past recognize read half example kind radio.
ORD0549,2025-02-13,C0071,P0151,1,157.82,CRYPTO,2025-07-06,
ORD0550,2024-12-30,C0267,P0213,X,1409.67,TRANSFER,,Site product green pick minute rock rich PM.
ORD0551,2025-04-27,C0380,P0215,-5,,TRANSFER,,
ORD0552,2025-06-15,C0063,P0266,X,43.36,,2025-07-20,
ORD0553,2024-10-11,C0418,P0093,-5,780.81,TRANSFER,2025-06-25,
ORD0554,2025-05-04,C0019,P0057,X,1424.62,CARD,,Treatment raise where leave test.
ORD0555,2025-02-26,C0358,P0016,-5,28.37,CRYPTO,2025-06-27,Explain sport up south than scene.
ORD0556,2025-01-30,C0392,P0157,16,734.21,CRYPTO,2025-06-24,
ORD0557,2024-11-19,C0059,P0192,-5,1238.17,CRYPTO,2025-07-17,Fall increase feel lot meet throughout western.
ORD0558,2024-09-07,,P0136,X,295.27,TRANSFER,,
ORD0559,2025-03-28,C0139,P0015,null,184.37,CARD,2025-07-22,Finish the maintain sign maintain less them area.
ORD0560,2024-11-27,C0197,P0170,6,770.9,CASH,2025-07-20,So create cup high skill billion card.
ORD0561,2025-04-19,C0495,INVALID,12,1389.85,CRYPTO,2025-07-14,View behind country example worker short.
ORD0562,2024-11-27,,P0074,2,,TRANSFER,,
ORD0563,2024-11-23,C0313,P0024,9,251.4,CRYPTO,2025-07-22,Person low figure notice.
ORD0564,2025-02-03,C0010,P0269,X,1250.37,,2025-07-20,Choice appear military PM strong half.
ORD0565,2024-08-02,C0197,P0052,5,357.85,CASH,,
ORD0566,2025-04-24,C0115,INVALID,null,133.59,CARD,,Pass certain traditional to artist when ground network.
ORD0567,2024-11-07,C0095,P0048,2,594.82,CARD,2025-07-07,
ORD0568,2024-08-05,C0273,P0034,1,,,2025-06-29,Way born condition fast wear many affect.
ORD0569,2025-05-19,,P0244,X,493.52,,2025-07-03,Long west forget finish above third others bar.
ORD0570,2025-05-13,C0278,P0213,-5,165.3,CASH,2025-07-13,Fire course collection participant win.
ORD0571,2024-11-20,C0480,P0275,null,552.33,TRANSFER,,Prevent thus only language side.
ORD0572,2024-08-16,,P0001,X,1227.22,CARD,2025-06-29,At wear couple party accept.
ORD0573,2024-09-03,C0458,P0241,X,1269.58,,2025-07-19,
ORD0574,2025-02-03,C0425,P0132,null,361.03,,2025-06-29,
ORD0575,2024-11-29,C0415,P0277,X,1278.08,CRYPTO,2025-07-15,All career return summer lawyer gun.
ORD0576,2024-12-19,C0111,P0050,null,,CASH,2025-07-11,Number less focus conference.
ORD0577,2025-01-08,C0175,P0293,null,228.78,CRYPTO,2025-06-25,
ORD0578,2025-01-21,C0319,P0113,18,1204.56,TRANSFER,2025-07-20,Front process enter almost pay standard.
ORD0579,2025-06-05,C0219,P0074,6,1155.79,CASH,,Program lay hope full can lawyer.
ORD0580,BAD_DATE,C0476,P0043,X,,CASH,,Top thank table today through.
ORD0581,2024-11-20,C0030,P0207,16,577.48,CASH,2025-06-28,
ORD0582,2025-04-20,C0284,P0054,null,1496.4,,2025-07-10,
ORD0583,2025-02-15,C0370,P0129,null,787.96,CRYPTO,2025-06-29,
ORD0584,2024-07-02,C0148,P0155,-5,909.58,TRANSFER,2025-07-08,
ORD0585,2024-10-15,C0481,P0237,null,1137.86,,,
ORD0586,BAD_DATE,C0218,P0267,null,,,2025-07-19,Continue organization on cup.
ORD0587,2024-09-29,C0291,P0137,9,,CARD,2025-07-19,Hot not truth wonder Mr citizen.
ORD0588,2024-10-24,C0134,P0068,null,1335.83,CRYPTO,2025-07-19,Including trial director method son just general.
ORD0589,2024-11-16,C0196,P0192,-5,838.32,CARD,2025-07-23,
ORD0590,2025-03-04,C0474,P0297,-5,1164.91,TRANSFER,,Actually both drug else management garden very.
ORD0591,2025-05-03,C0465,P0018,null,1433.54,TRANSFER,2025-07-03,
ORD0592,2024-11-14,,P0198,8,877.43,TRANSFER,,Institution chance within suggest thought music dream commercial.
ORD0593,2025-03-20,C0487,P0102,-5,1132.66,CASH,2025-07-23,Picture other response.
ORD0594,2024-11-03,C0128,P0008,-5,422.91,CARD,,Evening civil scene challenge federal after window.
ORD0595,2024-08-03,C0152,P0018,-5,211.64,,2025-06-26,
ORD0596,2025-04-23,C0203,P0122,-5,767.76,TRANSFER,,Card paper policy myself close woman.
ORD0597,2024-09-14,,P0166,X,1340.29,TRANSFER,2025-06-27,Late run develop field official.
ORD0598,2025-01-05,C0138,INVALID,-5,950.1,TRANSFER,2025-07-09,Show appear work economic save admit group.
ORD0599,2024-08-31,C0401,P0177,X,635.84,CRYPTO,2025-07-09,Opportunity hot social.
ORD0600,2025-05-10,C0396,P0296,11,1300.86,CARD,2025-06-26,Skill detail threat step how character add.
ORD0601,2024-11-04,C0064,P0110,-5,1263.16,TRANSFER,2025-07-15,Down analysis level loss.
ORD0602,2024-11-03,C0339,P0135,null,755.54,CRYPTO,2025-07-12,Laugh top have brother teacher.
ORD0603,2024-09-12,C0136,P0061,null,923.5,,2025-07-01,
ORD0604,2024-11-27,C0228,P0264,-5,ERROR,CASH,2025-07-14,Everyone off choice agent significant hope service.
ORD0605,2024-12-25,C0226,P0173,-5,645.02,CARD,2025-07-07,
ORD0606,2025-02-13,,P0096,null,208.51,,2025-07-07,Down person kind much nothing add home.
ORD0607,2025-04-07,,P0250,X,1324.32,CASH,2025-07-14,
ORD0608,2024-06-26,C0327,P0234,X,,CASH,2025-07-20,Perhaps political group.
ORD0609,2025-05-20,C0112,P0176,X,348.21,TRANSFER,2025-07-15,
ORD0610,2025-06-22,C0297,P0135,-5,351.97,CRYPTO,,
ORD0611,2024-12-01,C0142,INVALID,-5,201.04,CARD,,Business understand what safe.
ORD0612,2024-07-30,C0283,P0014,null,1325.21,,2025-06-27,Defense between wife young society read box.
ORD0613,BAD_DATE,C0033,P0065,-5,1199.97,CARD,,Huge require high cut place themselves.
ORD0614,2025-06-10,C0133,INVALID,-5,108.52,CARD,,Friend should benefit always together finish type.
ORD0615,2024-11-02,C0142,P0057,X,,CARD,2025-07-18,
ORD0616,2024-08-03,C0254,P0152,-5,785.07,CRYPTO,2025-06-30,Information hair particularly effect light should market.
ORD0617,2024-12-20,C0323,P0178,-5,641.4,CASH,,Year method authority whole arm three worry.
ORD0618,2024-09-02,C0447,P0224,-5,1024.58,TRANSFER,2025-07-21,Make left turn long capital.
ORD0619,2024-09-03,C0026,P0043,14,430.12,CRYPTO,2025-06-25,Different marriage test way shoulder federal follow seek.
ORD0620,2024-09-12,C0336,P0259,X,927.28,TRANSFER,2025-06-24,Five control special field sister.
ORD0621,2024-11-07,,P0262,null,931.84,CARD,2025-07-02,
ORD0622,BAD_DATE,C0441,P0114,X,220.39,CRYPTO,2025-06-28,Everyone later enter leader.
ORD0623,2024-10-28,C0163,P0102,-5,1037.09,CASH,2025-06-28,
ORD0624,2025-06-06,,P0182,null,637.49,CASH,2025-06-28,
ORD0625,2024-11-19,C0032,P0078,null,1184.3,CASH,2025-07-16,Sister term room whom.
ORD0626,2024-07-01,C0133,P0272,-5,442.54,TRANSFER,2025-07-03,
ORD0627,2024-08-15,C0009,P0273,12,1121.62,CRYPTO,2025-07-06,Pressure government down race deep throw week.
ORD0628,2024-08-28,C0440,P0118,8,ERROR,CASH,2025-07-09,
ORD0629,2025-01-24,C0277,P0272,6,435.43,,2025-06-24,Contain cause building trouble magazine wonder base.
ORD0630,2025-01-08,C0308,P0082,20,109.04,CASH,2025-06-26,Want ground rate certainly school price baby democratic.
ORD0631,2025-05-19,C0056,P0085,9,1221.28,,,Simple end understand court enjoy since part.
ORD0632,2024-07-19,,P0116,X,1212.56,,2025-06-30,
ORD0633,2025-04-24,C0262,P0078,null,ERROR,TRANSFER,2025-07-01,May course low hear anyone pull anything north.
ORD0634,BAD_DATE,,P0218,null,99.06,TRANSFER,,Friend try security sure without.
ORD0635,2024-09-27,C0293,P0143,X,219.1,CARD,,
ORD0636,BAD_DATE,C0422,INVALID,null,15.59,CARD,2025-07-04,Picture consumer likely identify.
ORD0637,2024-10-01,C0037,P0206,X,143.44,CARD,2025-07-01,Cold exactly bag meeting entire certain arm.
ORD0638,2024-08-15,C0449,P0268,6,17.13,CRYPTO,,Them itself ready occur.
ORD0639,2025-06-23,C0013,P0244,8,ERROR,,2025-07-03,Especially wall class bit world.
ORD0640,2025-04-21,C0404,P0070,20,736.86,,2025-06-26,
ORD0641,2024-10-29,C0500,P0154,null,831.36,CASH,,I kind five modern.
ORD0642,2024-12-18,C0334,INVALID,-5,801.11,CASH,2025-07-15,Either current force score trade end.
ORD0643,2025-01-08,C0483,P0285,null,609.02,TRANSFER,,
ORD0644,2025-05-08,C0319,P0107,8,999.41,CRYPTO,,
ORD0645,2024-07-16,,P0035,7,275.09,CASH,2025-07-08,Report hold speak themselves writer present happy.
ORD0646,2025-04-04,C0149,INVALID,3,699.07,CARD,2025-07-05,
ORD0647,2025-03-16,C0467,P0074,null,1460.08,CASH,2025-07-23,
ORD0648,2024-12-17,C0055,P0083,18,402.12,CRYPTO,2025-06-25,Several not cut loss occur.
ORD0649,2025-01-01,C0414,P0125,X,ERROR,CARD,2025-06-29,Specific protect amount from practice new race.
ORD0650,2024-11-10,C0367,P0082,null,1413.5,CRYPTO,2025-07-03,Price remember learn environment Democrat however.
ORD0651,2024-07-02,C0261,P0201,null,929.82,,2025-07-08,
ORD0652,BAD_DATE,C0365,P0128,8,1164.4,TRANSFER,2025-07-11,
ORD0653,2024-10-06,C0111,P0037,null,683.09,CARD,,Child strategy growth that hospital including relationship.
ORD0654,2024-10-14,C0299,P0142,9,832.93,CRYPTO,2025-07-06,Choose lose real edge.
ORD0655,2024-10-02,,P0206,17,591.78,CARD,2025-06-30,Peace continue charge doctor.
ORD0656,2024-11-16,C0196,P0300,null,276.57,CARD,,
ORD0657,BAD_DATE,C0333,P0078,6,185.79,TRANSFER,2025-06-25,Address yard church small middle here.
ORD0658,2024-12-26,,P0073,null,99.67,,2025-07-13,Model our onto team.
ORD0659,2025-05-26,,P0168,null,301.49,CARD,2025-07-13,Institution true alone court develop different amount.
ORD0660,2024-06-25,C0115,INVALID,X,1093.81,CARD,2025-06-30,Enough including matter price its number civil.
ORD0661,2024-08-29,C0295,P0160,X,984.82,CARD,2025-06-28,Bring threat how everyone history candidate admit.
ORD0662,BAD_DATE,C0376,P0242,null,1435.25,,,Plan buy threat.
ORD0663,2024-11-10,C0376,P0225,null,492.1,TRANSFER,2025-06-26,Rest together home expect possible chance.
ORD0664,2025-06-04,C0450,P0064,null,867.09,CARD,2025-06-28,
ORD0665,2024-07-26,C0027,P0233,6,924.14,,2025-07-11,Talk ahead technology cultural same.
ORD0666,2024-07-15,C0338,P0175,-5,1322.93,CASH,2025-07-23,
ORD0667,2025-05-26,C0226,P0021,5,1100.54,CRYPTO,2025-07-20,
ORD0668,BAD_DATE,C0100,P0131,-5,987.58,CARD,2025-07-13,Wide factor myself chance former always create.
ORD0669,2025-06-18,C0151,P0239,-5,962.33,CARD,2025-07-21,
ORD0670,2025-04-07,C0169,P0087,-5,828.24,TRANSFER,2025-07-22,Spring computer politics reduce.
ORD0671,2025-03-24,C0394,P0250,-5,254.01,CASH,2025-07-19,Recent different safe goal fill eat good sometimes.
ORD0672,2025-02-01,C0119,P0116,X,1055.19,CRYPTO,2025-07-16,
ORD0673,2024-09-14,C0384,P0046,-5,868.52,CARD,2025-06-27,Receive type amount.
ORD0674,2025-04-24,C0355,P0186,-5,308.76,CARD,2025-06-27,Make many consumer perform southern.
ORD0675,2024-07-22,C0376,P0254,-5,465.55,TRANSFER,2025-07-15,Government minute citizen executive maybe skill.
ORD0676,2024-09-02,C0210,P0222,5,736.21,CASH,2025-07-07,
ORD0677,2024-07-07,C0181,P0054,7,1106.99,CRYPTO,2025-07-08,Candidate back father decide another her.
ORD0678,2025-04-17,C0040,P0144,X,332.2,CARD,2025-07-04,
ORD0679,2024-09-27,C0335,P0142,10,438.31,,2025-07-08,Floor range spring blue government run end.
ORD0680,BAD_DATE,C0118,P0261,-5,858.71,CASH,2025-07-19,Vote within miss allow toward.
ORD0681,2025-04-16,C0215,P0129,-5,384.57,CASH,2025-07-03,
ORD0682,2024-10-28,C0424,P0043,X,1163.52,CARD,2025-06-29,Move student either project experience reach only.
ORD0683,2025-01-02,C0065,INVALID,X,1088.92,CARD,2025-06-24,Page power officer.
ORD0684,2024-12-09,C0126,P0249,null,673.01,CRYPTO,2025-07-16,Police say training inside.
ORD0685,2025-04-22,C0209,P0254,null,1291.62,CARD,,Rock executive those.
ORD0686,BAD_DATE,C0341,P0223,null,284.26,CRYPTO,2025-07-08,
ORD0687,2024-06-25,C0134,P0054,null,109.47,,2025-07-09,
ORD0688,BAD_DATE,C0175,P0250,-5,ERROR,TRANSFER,2025-07-01,Other large single all task true majority.
ORD0689,2024-06-28,C0042,P0290,null,895.86,CARD,2025-06-25,
ORD0690,2025-02-03,C0259,P0266,null,1366.44,CARD,2025-07-04,Across time customer always one eye.
ORD0691,BAD_DATE,C0295,P0196,X,325.28,CRYPTO,,Professional more front writer likely this idea science.
ORD0692,BAD_DATE,C0452,INVALID,-5,1227.16,TRANSFER,,Serious close radio current nothing road.
ORD0693,2024-08-05,C0461,P0051,-5,ERROR,CARD,2025-06-29,Show office attention.
ORD0694,2025-05-25,C0233,P0061,null,ERROR,,2025-07-09,Guess form beyond expert memory.
ORD0695,2025-01-03,,P0123,null,1130.36,,,Apply space number money wonder learn enjoy low.
ORD0696,2024-08-05,C0135,P0216,14,,TRANSFER,2025-07-22,Beyond line expect nature.
ORD0697,2025-01-31,C0365,P0021,null,1186.93,,2025-07-17,
ORD0698,2025-05-25,C0381,P0226,X,824.23,TRANSFER,2025-07-16,Necessary organization these kitchen.
ORD0699,2024-11-07,C0446,P0294,12,1325.64,TRANSFER,2025-06-25,
ORD0700,2025-01-26,,P0020,-5,833.54,CASH,2025-07-16,Boy home fear magazine.
ORD0701,2024-12-10,C0354,P0222,-5,1409.89,CASH,2025-07-21,
ORD0702,2025-04-28,C0038,P0014,X,780.34,,2025-06-30,Performance buy avoid reach style east produce.
ORD0703,2024-09-18,C0444,P0093,-5,855.54,,,After great instead short necessary.
ORD0704,2024-08-22,C0199,INVALID,-5,319.83,CRYPTO,,
ORD0705,2025-05-17,C0182,P0051,X,1058.9,CRYPTO,,Couple degree into.
ORD0706,2024-09-15,C0357,P0212,null,773.93,,2025-07-14,
ORD0707,2025-03-25,C0365,P0234,null,957.95,,2025-07-03,Security trial brother hot.
ORD0708,BAD_DATE,C0173,P0130,1,96.02,,2025-07-11,Side how book they.
ORD0709,2024-09-21,C0460,P0177,X,1127.16,CASH,2025-06-24,
ORD0710,2024-08-13,C0312,P0128,2,1154.01,CRYPTO,2025-06-26,
ORD0711,2024-09-14,C0370,P0025,null,420.8,TRANSFER,2025-07-14,
ORD0712,BAD_DATE,,P0135,X,1384.2,CASH,2025-07-09,Forward song language phone speech.
ORD0713,2025-04-05,C0182,P0083,-5,1222.94,,2025-06-25,During letter high position card election.
ORD0714,2025-03-31,C0467,P0281,X,862.91,TRANSFER,2025-07-07,
ORD0715,BAD_DATE,C0231,P0206,-5,ERROR,TRANSFER,2025-07-10,
ORD0716,2025-01-10,C0224,P0089,X,1308.38,CRYPTO,2025-07-07,News drop action single turn couple very.
ORD0717,2024-11-27,C0245,P0046,X,1308.65,CARD,2025-06-27,Possible without million large cost beautiful along.
ORD0718,2024-12-24,C0376,P0276,2,1393.16,CRYPTO,2025-06-28,Power tough rich age.
ORD0719,2024-11-16,C0393,P0117,-5,ERROR,CARD,2025-07-06,Which in us heavy marriage.
ORD0720,2025-02-23,C0420,P0157,14,255.38,,2025-07-15,
ORD0721,2024-06-29,C0043,P0047,18,1413.03,,2025-07-19,
ORD0722,2025-02-23,C0004,P0161,-5,997.69,CASH,2025-07-02,Tax meeting now only instead.
ORD0723,2025-06-19,C0190,P0096,-5,ERROR,CRYPTO,2025-07-05,Actually glass this continue something.
ORD0724,2024-07-16,C0233,P0104,null,982.36,CASH,,
ORD0725,2024-09-23,C0225,P0249,null,293.31,TRANSFER,2025-07-01,
ORD0726,2025-05-17,C0370,P0225,-5,298.52,,2025-07-04,Region establish later game moment garden reflect.
ORD0727,2024-08-24,C0484,P0082,-5,,CARD,2025-06-25,Quickly claim think good year arrive actually.
ORD0728,2024-12-22,C0119,P0166,8,128.56,CASH,,Cover wall rich door easy.
ORD0729,2025-04-06,C0175,INVALID,X,752.3,CARD,2025-07-23,Resource dinner them price.
ORD0730,2024-08-14,,P0159,null,177.18,CARD,2025-07-21,Life look guess authority certain watch religious.
ORD0731,2024-11-21,C0269,P0287,-5,951.77,TRANSFER,2025-06-25,House top partner white Mr can pass according.
ORD0732,2024-09-29,C0433,P0287,null,177.76,TRANSFER,2025-07-07,Tell management fall rule four Mr.
ORD0733,2025-06-05,C0147,P0204,null,1300.76,CARD,,Doctor life way.
ORD0734,BAD_DATE,C0164,P0039,X,1440.37,CASH,2025-07-04,Often whether baby dark ready practice cut.
ORD0735,2025-06-17,C0489,P0047,7,1130.23,TRANSFER,,Seven knowledge degree skill wall here wonder.
ORD0736,2025-03-08,C0417,P0208,null,ERROR,,2025-07-20,Matter concern recognize cut election.
ORD0737,2025-04-25,C0452,P0075,X,1120.3,,2025-07-01,
ORD0738,2024-11-01,C0108,P0273,16,ERROR,CRYPTO,2025-07-11,Society most determine already without.
ORD0739,2025-03-30,C0143,P0069,-5,161.24,CASH,2025-07-21,Staff national front least investment.
ORD0740,2024-09-28,C0316,P0054,-5,67.57,CASH,2025-07-22,Investment wall like energy use leave relate.
ORD0741,2024-07-09,C0178,P0151,4,52.72,CARD,2025-06-24,Much author Congress since card.
ORD0742,2025-05-04,C0061,P0043,X,,CRYPTO,,Data value forward my.
ORD0743,BAD_DATE,C0250,P0116,X,1388.67,TRANSFER,2025-06-27,Short senior skill factor suffer race develop.
ORD0744,BAD_DATE,C0454,P0021,X,1398.94,CASH,2025-06-25,Those although notice.
ORD0745,2024-11-30,C0481,P0080,X,936.35,TRANSFER,,
ORD0746,2024-08-11,C0311,P0141,null,60.35,CRYPTO,2025-07-01,Campaign should rest tonight wife success.
ORD0747,2024-12-04,C0474,INVALID,X,650.02,TRANSFER,,
ORD0748,2025-02-18,C0143,P0113,null,806.54,,2025-07-09,Control difficult off present.
ORD0749,2025-04-04,C0106,P0116,8,685.74,CASH,2025-06-30,
ORD0750,2025-01-20,C0261,P0111,-5,1217.83,TRANSFER,2025-07-09,
ORD0751,2025-06-20,C0015,P0152,X,159.93,CASH,2025-06-25,Manage evidence his leave perhaps them.
ORD0752,2025-04-16,C0021,P0011,X,426.66,CRYPTO,2025-06-24,Bring boy treatment must assume partner decision.
ORD0753,2025-01-12,C0277,P0248,-5,,,,Bad argue perform father put.
ORD0754,BAD_DATE,C0100,P0213,X,,CARD,2025-07-21,Education prove usually value serious threat song act.
ORD0755,2024-06-26,,P0291,9,215.21,CRYPTO,2025-07-16,Concern inside only continue enough find total.
ORD0756,2025-05-16,C0014,P0096,null,18.07,TRANSFER,2025-07-16,Option huge network range choose believe.
ORD0757,BAD_DATE,C0145,P0298,null,1473.07,,2025-07-07,
ORD0758,2024-09-22,C0293,P0295,null,433.64,CRYPTO,2025-07-08,
ORD0759,2025-04-26,C0228,P0199,X,ERROR,CARD,2025-07-23,Old than present send apply explain explain.
ORD0760,2024-12-01,C0426,P0187,-5,553.26,CRYPTO,2025-06-30,
ORD0761,2025-05-15,C0471,P0135,X,1083.75,CRYPTO,2025-07-16,Nice second we capital recently.
ORD0762,2024-09-05,C0362,P0187,10,103.7,CASH,2025-07-18,Area mean agree fund.
ORD0763,2024-07-12,C0062,P0121,null,984.46,,2025-06-26,Economic site town others before administration next image.
ORD0764,2025-03-10,C0222,P0183,-5,325.85,,2025-07-13,Determine week between road.
ORD0765,2025-04-11,C0045,INVALID,X,896.32,CASH,2025-07-05,Need free section agree.
ORD0766,2024-10-25,C0143,P0165,-5,,TRANSFER,2025-06-29,Sign forward drop top whom later defense training.
ORD0767,2024-10-08,C0060,P0127,-5,1165.66,TRANSFER,2025-07-05,Technology if what system wonder paper.
ORD0768,2025-04-16,C0412,P0297,-5,683.33,,2025-06-25,Suggest seek sort smile those impact.
ORD0769,2025-01-08,,P0260,16,ERROR,,2025-07-14,
ORD0770,2024-11-16,C0373,P0275,X,541.73,CASH,2025-07-22,Material trouble tonight lead game trial.
ORD0771,2025-01-03,,P0117,X,553.2,,2025-06-29,
ORD0772,2024-12-25,C0172,P0284,-5,1386.41,TRANSFER,2025-06-27,
ORD0773,2024-08-23,C0323,P0115,-5,45.43,CASH,2025-07-09,Think up sure gas minute.
ORD0774,2024-11-25,C0345,P0295,null,1332.71,TRANSFER,2025-06-28,Address second top quickly although.
ORD0775,2024-09-27,C0362,P0236,-5,43.34,CASH,,Six meet least.
ORD0776,2025-02-21,C0457,P0255,X,1395.63,CRYPTO,2025-07-07,
ORD0777,BAD_DATE,C0222,P0034,null,545.92,TRANSFER,2025-06-26,Notice writer message really.
ORD0778,2024-12-01,C0362,P0088,null,350.06,CRYPTO,2025-07-09,Nothing treat suddenly important everything.
ORD0779,2024-06-30,C0163,INVALID,X,95.16,CASH,2025-07-02,
ORD0780,2024-07-15,C0286,P0030,-5,96.97,,2025-07-06,
ORD0781,2025-05-15,C0450,P0245,3,1446.17,CARD,2025-06-26,
ORD0782,BAD_DATE,C0486,P0076,3,1293.64,TRANSFER,2025-07-06,
ORD0783,2025-01-26,C0005,INVALID,null,ERROR,TRANSFER,2025-06-24,Kitchen movement land carry.
ORD0784,BAD_DATE,C0301,P0142,-5,,CARD,2025-06-25,Long instead old try green.
ORD0785,2025-01-25,C0483,P0015,16,1418.0,CRYPTO,2025-07-23,Young school window unit bag world writer father.
ORD0786,2024-07-07,C0101,P0252,5,,CRYPTO,2025-06-25,Less than care maintain cup.
ORD0787,2025-01-31,C0078,P0069,-5,1296.76,TRANSFER,2025-06-27,Around entire able gas huge rate board.
ORD0788,2024-08-23,C0096,P0111,6,1028.25,CARD,,Capital model other west rise.
ORD0789,2024-08-13,C0145,P0159,X,336.65,CRYPTO,2025-06-28,Challenge practice rule reflect trouble where.
ORD0790,2025-04-15,C0326,P0156,X,431.76,TRANSFER,2025-07-18,Usually recently support significant ok.
ORD0791,2025-04-05,C0487,P0292,19,191.42,CRYPTO,2025-07-09,Term education again expect law yeah.
ORD0792,2024-11-25,C0371,P0261,null,1362.43,,,
ORD0793,2024-08-04,C0002,P0074,X,747.1,TRANSFER,2025-06-29,Inside business crime friend not third manage.
ORD0794,2024-12-08,C0252,P0162,4,961.56,TRANSFER,2025-07-17,Blue water blood environmental buy.
ORD0795,2025-03-10,C0107,P0028,19,1340.1,CARD,2025-06-24,
ORD0796,2024-10-30,C0020,P0184,2,102.0,TRANSFER,,Key expect receive face born other language.
ORD0797,2024-07-04,C0135,P0037,null,1017.22,CRYPTO,2025-07-18,Contain many yes near improve institution.
ORD0798,2025-01-31,C0324,P0272,-5,561.09,CASH,2025-06-26,Subject if prevent various.
ORD0799,2024-09-16,C0327,P0083,X,262.86,CASH,2025-07-22,Training executive agree those miss nearly.
ORD0800,2025-01-17,C0272,P0128,X,721.96,,2025-07-04,Grow whatever responsibility entire him artist small.
ORD0801,2024-09-09,C0093,P0092,20,,CASH,2025-07-23,Fine time red reduce term.
ORD0802,2025-01-24,C0431,P0016,X,9.08,CARD,2025-07-21,Stock way far large low east loss.
ORD0803,2024-09-04,C0150,P0254,5,ERROR,,2025-07-08,
ORD0804,2025-03-10,C0251,P0170,X,1196.9,CARD,2025-07-15,
ORD0805,2024-10-16,C0201,INVALID,6,62.9,,2025-07-22,Green painting according.
ORD0806,2024-09-23,C0279,P0294,null,,TRANSFER,,
ORD0807,BAD_DATE,C0050,P0199,10,155.06,TRANSFER,,Threat body real project remember.
ORD0808,2024-08-10,C0494,P0196,X,1146.35,CARD,2025-07-12,Boy pattern back treatment.
ORD0809,2025-03-30,C0387,P0071,-5,ERROR,CARD,2025-07-06,Mother those for film despite way sport soldier.
ORD0810,2025-03-18,C0215,P0094,X,68.72,CRYPTO,2025-07-21,Because collection pick apply something pass peace.
ORD0811,2025-05-24,C0167,INVALID,X,ERROR,TRANSFER,2025-07-03,
ORD0812,2024-11-02,C0218,P0221,-5,1006.94,CARD,,Brother their question skill.
ORD0813,2024-12-02,C0238,P0256,null,226.46,,,Successful receive here stop accept response although.
ORD0814,2025-06-13,C0339,INVALID,X,ERROR,CARD,2025-07-04,Area alone recent work animal push senior.
ORD0815,2025-06-10,C0357,P0103,null,1057.93,CASH,2025-06-27,Condition item everybody while.
ORD0816,2025-02-16,C0066,P0042,null,297.25,CARD,2025-07-16,Into those instead cold.
ORD0817,2024-11-13,C0248,P0049,5,,CARD,2025-07-12,Western college back will by series already.
ORD0818,2024-07-09,C0443,P0011,3,ERROR,CARD,2025-07-14,
ORD0819,2024-07-19,C0211,P0032,19,347.64,CRYPTO,2025-06-29,Nature cup stuff hour.
ORD0820,2025-05-09,C0015,P0031,5,ERROR,,2025-07-23,Step give put.
ORD0821,BAD_DATE,C0260,P0049,null,435.15,CRYPTO,2025-06-27,
ORD0822,2025-02-17,C0436,P0271,5,1431.06,CARD,2025-07-22,Book picture gas including.
ORD0823,2024-07-07,C0032,INVALID,X,303.24,,2025-06-26,Heavy late wife value.
ORD0824,2025-04-30,C0166,P0157,null,175.74,CARD,2025-07-17,
ORD0825,2024-12-15,C0163,INVALID,-5,31.06,CASH,,Fall some less country challenge reveal it.
ORD0826,2024-08-14,C0415,P0289,14,526.66,TRANSFER,2025-07-15,We pass arm instead consider exist conference.
ORD0827,BAD_DATE,C0205,P0036,X,1016.17,TRANSFER,,
ORD0828,2024-08-04,C0028,P0097,-5,1056.59,CRYPTO,,Something law moment my well.
ORD0829,2025-01-10,C0373,P0256,X,746.78,CRYPTO,2025-06-30,Often least woman analysis.
ORD0830,2024-12-11,C0326,P0112,-5,844.08,CARD,2025-07-06,
ORD0831,2025-04-29,C0158,P0050,X,1499.64,CASH,2025-07-08,
ORD0832,2024-08-15,C0114,P0080,3,1166.62,CASH,2025-07-11,Town whatever TV action sit.
ORD0833,2025-01-10,C0086,P0294,X,239.09,CARD,,
ORD0834,BAD_DATE,C0400,P0226,null,1408.42,CRYPTO,2025-06-29,Build design important fly pass up.
ORD0835,2024-06-30,C0486,P0091,-5,1258.3,,2025-07-07,Four successful television gun structure city.
ORD0836,2024-07-10,C0313,P0228,X,658.03,TRANSFER,,
ORD0837,2024-10-22,C0310,INVALID,null,,CASH,,Accept use law.
ORD0838,2024-10-03,C0487,INVALID,-5,789.3,TRANSFER,2025-07-14,Worry visit lay range.
ORD0839,2025-04-08,C0411,P0062,null,1050.72,TRANSFER,2025-07-20,
ORD0840,2024-06-28,C0400,P0160,null,52.97,CARD,,Safe likely front agreement of source.
ORD0841,BAD_DATE,C0468,P0056,-5,607.46,CASH,2025-07-16,Hope top news eat everything remember exactly.
ORD0842,2025-04-19,C0393,P0093,-5,469.35,CARD,2025-07-18,Pm activity magazine way apply sure computer.
ORD0843,2025-06-16,C0336,P0086,null,886.02,CARD,2025-06-30,Prevent Democrat letter occur quality benefit effect.
ORD0844,2025-01-20,,P0255,null,1193.68,CASH,2025-07-08,Water radio who thank beyond.
ORD0845,2024-07-30,C0275,P0080,-5,,CASH,2025-07-01,
ORD0846,2025-04-02,C0081,P0173,null,190.86,CRYPTO,2025-07-14,Address western hotel college expect class.
ORD0847,2024-11-29,C0203,P0281,-5,34.37,TRANSFER,2025-07-11,
ORD0848,2025-03-11,C0118,P0230,2,880.42,,2025-07-05,
ORD0849,2025-02-10,C0083,P0284,X,1412.51,TRANSFER,2025-07-02,
ORD0850,2024-08-25,C0170,INVALID,X,,CARD,2025-07-22,
ORD0851,2024-07-15,C0284,P0073,11,476.0,CARD,2025-06-26,
ORD0852,2025-03-11,C0482,P0252,-5,1063.05,CASH,2025-06-25,Test agree mouth south whatever.
ORD0853,2025-02-16,,P0207,null,262.32,CRYPTO,,My research spend.
ORD0854,2024-09-24,C0387,INVALID,null,915.23,CARD,2025-07-06,Day store store couple sign none.
ORD0855,2024-07-12,C0053,INVALID,X,,CARD,2025-07-09,Result the into this.
ORD0856,2024-08-25,C0406,P0246,-5,898.91,TRANSFER,,Rich soon reduce themselves education include tree.
ORD0857,2024-11-26,C0081,P0051,null,1369.3,CARD,2025-07-04,Movement music bill eat pay million between.
ORD0858,2025-05-29,C0013,P0047,14,796.14,TRANSFER,2025-06-25,
ORD0859,2024-11-22,C0396,P0165,X,339.4,CASH,,Guy however type space occur because.
ORD0860,2025-01-08,C0018,P0289,-5,,CASH,2025-07-15,
ORD0861,2024-07-26,C0064,P0273,X,1029.31,TRANSFER,2025-07-06,Provide after social no meet hospital at other.
ORD0862,2024-10-10,C0194,P0280,11,576.42,,,
ORD0863,2025-03-10,C0068,P0145,14,442.46,TRANSFER,2025-06-28,Leader hear fire myself anything.
ORD0864,2024-11-20,C0449,P0230,-5,576.1,CRYPTO,2025-07-13,Action true experience member.
ORD0865,2024-09-30,C0044,P0150,null,ERROR,,2025-07-09,Push learn owner which return.
ORD0866,2025-06-10,,P0219,null,1429.06,TRANSFER,,
ORD0867,BAD_DATE,C0361,P0194,X,858.67,CARD,2025-07-08,Protect story customer camera in international explain.
ORD0868,2025-02-10,C0213,INVALID,10,1247.22,CRYPTO,2025-07-19,Food game resource imagine recent.
ORD0869,2024-08-14,,INVALID,X,658.16,TRANSFER,,
ORD0870,2024-10-28,C0278,P0288,X,1034.88,CARD,2025-07-04,
ORD0871,2025-05-26,C0078,P0200,null,888.51,CRYPTO,2025-06-27,Beyond movie newspaper stage.
ORD0872,2024-08-06,,P0148,null,854.85,CARD,,Team national face school person yeah become.
ORD0873,2025-05-31,C0201,P0029,null,,CRYPTO,2025-07-11,Impact never single method oil.
ORD0874,2024-07-16,C0311,P0022,13,105.16,CASH,2025-07-12,World describe reveal peace need charge sense.
ORD0875,2025-04-29,C0402,P0046,14,399.85,CASH,2025-07-20,Ask page site blue everyone enter.
ORD0876,2025-01-06,C0263,P0293,X,1272.94,CRYPTO,,
ORD0877,2024-09-13,C0155,P0161,-5,213.65,,2025-07-01,Force all fact state.
ORD0878,2024-11-10,C0104,P0274,X,81.22,,2025-06-28,
ORD0879,2024-11-15,,INVALID,20,1356.59,CARD,2025-07-10,General couple do paper traditional.
ORD0880,2025-01-03,C0296,P0198,null,163.01,TRANSFER,2025-07-12,
ORD0881,2024-11-01,C0150,P0276,X,1262.34,,2025-07-19,College others better close.
ORD0882,BAD_DATE,C0114,INVALID,null,990.6,TRANSFER,,Face those item service.
ORD0883,2024-10-30,C0288,P0223,X,992.36,CARD,2025-07-08,Turn right land.
ORD0884,2025-01-03,C0146,P0269,null,1275.18,CASH,2025-06-27,Computer ability religious.
ORD0885,2024-09-20,C0274,P0261,-5,820.89,CARD,2025-07-07,Agency wall get writer event area save.
ORD0886,2025-01-28,C0196,P0023,X,130.11,CARD,2025-07-08,Finally garden indeed treatment our.
ORD0887,2024-06-24,,P0051,-5,1054.22,CARD,2025-06-24,Plan history certain once.
ORD0888,2025-05-13,C0202,P0096,1,771.87,CRYPTO,2025-06-29,
ORD0889,2025-03-06,C0391,P0164,X,1489.61,TRANSFER,2025-06-29,Manager agent open gun.
ORD0890,2024-12-07,C0056,INVALID,X,1351.74,,2025-07-01,
ORD0891,2024-09-18,C0296,P0106,-5,129.83,CASH,2025-07-06,Writer will relationship.
ORD0892,2024-12-06,C0204,P0008,-5,38.51,TRANSFER,,Skill eye sometimes smile.
ORD0893,2024-07-13,C0229,INVALID,null,757.96,CARD,2025-07-16,Leg game become kind our election away.
ORD0894,2025-05-21,C0289,P0060,12,438.2,CASH,2025-07-17,Figure others stage commercial.
ORD0895,2025-02-06,C0160,P0003,X,50.65,,2025-07-06,Wife stay need receive so baby country care.
ORD0896,2024-10-09,C0415,P0170,18,110.56,CARD,2025-07-15,Effort cultural account wall.
ORD0897,2025-02-01,C0043,P0200,null,601.51,CARD,2025-07-14,
ORD0898,2024-12-31,,P0191,4,804.98,TRANSFER,,
ORD0899,2024-12-20,C0443,P0206,8,184.76,TRANSFER,2025-07-10,
ORD0900,2025-02-11,C0304,INVALID,null,1325.74,CASH,2025-07-16,Include attention now.
ORD0901,2025-05-23,C0073,P0127,-5,1107.48,CARD,2025-07-14,Room how produce thank whole.
ORD0902,2025-05-09,C0430,P0133,11,1474.37,CASH,,Hot fear glass small cell those.
ORD0903,2024-07-31,C0371,P0217,-5,563.83,CRYPTO,2025-07-05,South stock too east play.
ORD0904,2024-11-29,C0390,P0159,17,810.95,CARD,2025-07-02,Whether challenge offer car house health.
ORD0905,2024-08-13,C0393,P0140,X,ERROR,,2025-06-28,
ORD0906,2025-01-05,C0211,P0006,X,75.0,,2025-06-26,
ORD0907,2024-11-07,C0173,P0212,X,712.55,TRANSFER,2025-06-25,
ORD0908,2025-05-23,C0019,P0098,-5,ERROR,CARD,2025-07-20,Me make nation product seat.
ORD0909,2025-05-08,C0290,P0250,X,573.47,CARD,2025-07-13,
ORD0910,2024-10-04,C0447,P0006,1,,,,Dog friend tree business.
ORD0911,2024-09-11,,P0203,null,ERROR,TRANSFER,,Language operation executive machine officer.
ORD0912,2024-10-28,C0387,INVALID,X,768.79,,2025-07-04,
ORD0913,2025-03-23,C0251,P0066,null,1226.63,CARD,2025-07-10,Citizen partner sister example second scene we share.
ORD0914,2024-07-24,C0161,P0115,X,252.2,CASH,,Yourself threat same up again.
ORD0915,2024-10-12,C0121,INVALID,X,841.73,TRANSFER,2025-06-26,Describe with best.
ORD0916,2025-02-06,C0363,P0082,-5,697.72,,2025-07-16,Herself appear option prevent analysis national style kid.
ORD0917,2024-06-29,C0285,P0251,-5,870.0,,2025-07-09,Door base rest.
ORD0918,2025-05-09,C0376,INVALID,null,1395.67,CASH,,Training east spring TV role air.
ORD0919,2025-02-14,,P0086,-5,954.91,,,Network imagine focus.
ORD0920,BAD_DATE,C0359,P0132,19,885.32,TRANSFER,2025-07-05,Add federal mention accept.
ORD0921,BAD_DATE,,P0204,-5,181.28,TRANSFER,2025-06-28,Culture eight several after.
ORD0922,2025-01-26,C0007,P0147,-5,137.21,CASH,2025-07-19,
ORD0923,BAD_DATE,C0384,P0292,X,173.18,TRANSFER,2025-06-27,Book voice defense.
ORD0924,BAD_DATE,C0102,P0062,null,744.06,,2025-07-10,
ORD0925,2025-03-04,C0498,P0104,2,375.93,TRANSFER,2025-06-29,Seven plan past doctor response.
ORD0926,2024-09-21,C0454,P0285,null,1012.92,CASH,2025-07-13,
ORD0927,2025-04-21,C0088,P0103,X,832.05,CARD,2025-07-13,
ORD0928,2025-03-27,C0269,P0019,X,1085.68,TRANSFER,,Bad between big former rate.
ORD0929,2024-09-19,C0384,P0056,-5,1169.65,CRYPTO,2025-07-16,
ORD0930,2024-12-09,C0215,P0020,X,1197.81,CARD,2025-07-03,Full bag program always employee class pressure pattern.
ORD0931,2024-12-27,C0152,P0095,15,1006.69,CARD,,
ORD0932,2024-08-04,C0151,INVALID,5,442.81,CARD,2025-07-09,
ORD0933,2025-05-04,C0451,P0035,20,,CRYPTO,,Owner car drug themselves turn early.
ORD0934,2024-09-09,C0268,P0190,null,428.14,CRYPTO,,
ORD0935,2025-05-04,C0456,P0074,-5,578.68,,2025-06-28,
ORD0936,2024-12-23,C0333,P0022,X,400.92,,2025-07-19,Region rule minute mission trouble together value.
ORD0937,2025-01-31,C0149,P0258,4,43.3,CARD,,Sell food believe stuff amount parent.
ORD0938,2024-08-29,C0105,P0097,null,472.03,CARD,2025-06-26,
ORD0939,2024-08-03,C0488,P0163,-5,ERROR,CRYPTO,,
ORD0940,2024-07-14,C0266,INVALID,10,510.34,,,
ORD0941,2024-06-26,C0242,INVALID,4,243.91,CRYPTO,,
ORD0942,2025-03-22,C0480,P0129,null,872.1,,2025-07-13,Wait report over writer myself power challenge.
ORD0943,2024-07-19,C0383,P0180,-5,947.32,CARD,2025-07-23,
ORD0944,2025-05-31,C0437,P0029,X,822.33,CARD,2025-07-11,Continue area through any theory we national.
ORD0945,2025-06-13,C0085,P0079,-5,ERROR,,,
ORD0946,2024-11-01,C0425,P0259,X,603.2,CRYPTO,2025-07-08,
ORD0947,2024-10-12,C0163,INVALID,-5,345.79,CRYPTO,2025-07-18,Just film mind down fear story member.
ORD0948,2024-11-28,C0077,P0100,X,,CRYPTO,2025-06-29,People try give story.
ORD0949,2025-04-06,C0003,P0225,14,,TRANSFER,2025-06-30,Friend green friend care study deep thing.
ORD0950,2025-01-10,C0097,INVALID,X,231.25,CARD,2025-07-16,According home build floor.
ORD0951,2024-12-10,C0049,P0126,null,793.18,CASH,2025-07-06,Walk strategy network line since.
ORD0952,2024-10-04,C0170,P0148,null,106.88,CRYPTO,2025-07-14,Do religious low others argue weight computer.
ORD0953,2025-01-28,,P0074,17,ERROR,,2025-07-23,Ago order rule loss number hotel.
ORD0954,2024-10-05,C0305,P0163,12,ERROR,TRANSFER,2025-07-16,Myself from loss cause themselves loss.
ORD0955,2025-03-07,C0180,INVALID,X,1245.4,CASH,2025-07-15,Would build before worker Mrs.
ORD0956,2024-07-15,C0453,P0210,X,1136.25,CASH,2025-07-02,No article song can.
ORD0957,BAD_DATE,C0322,P0009,null,539.83,CASH,2025-07-11,Hospital join southern trouble important seem.
ORD0958,2024-12-08,,P0087,null,901.54,,,
ORD0959,BAD_DATE,C0146,P0165,19,1497.88,TRANSFER,2025-07-21,Challenge sister group even turn.
ORD0960,BAD_DATE,C0445,P0074,8,1073.53,TRANSFER,2025-07-15,Despite stand same.
ORD0961,2024-08-04,C0374,P0120,X,ERROR,,,Industry policy their low bar collection good.
ORD0962,2024-07-21,C0320,INVALID,18,614.41,TRANSFER,2025-07-17,Movie couple free whole practice Mrs.
ORD0963,2025-03-24,C0479,INVALID,X,ERROR,CASH,2025-07-19,Pick scene girl into leg what.
ORD0964,2025-04-01,C0278,INVALID,X,70.47,CARD,2025-07-05,Identify box population improve put.
ORD0965,2024-11-29,C0104,P0291,-5,836.66,CARD,2025-07-19,New none southern get.
ORD0966,2024-07-25,,P0115,X,,CRYPTO,2025-07-05,Teacher his chair public him player.
ORD0967,2024-12-11,C0375,P0019,14,1052.0,CRYPTO,2025-06-24,They heavy movement city open.
ORD0968,2025-01-08,C0092,P0038,X,543.67,CRYPTO,2025-07-10,
ORD0969,2024-07-12,C0053,INVALID,null,1126.96,CRYPTO,2025-07-14,Easy own leg respond himself so.
ORD0970,2024-10-19,C0268,P0244,3,396.96,CASH,2025-07-11,Its interview resource fill.
ORD0971,2025-06-14,C0393,P0198,19,646.23,TRANSFER,2025-07-14,Position main politics leg develop development letter attack.
ORD0972,2024-08-03,C0295,P0199,-5,1310.2,TRANSFER,,Later their court later threat.
ORD0973,BAD_DATE,C0304,P0122,-5,414.03,CARD,,Visit suffer future.
ORD0974,2025-03-07,C0495,P0129,-5,627.5,CASH,2025-06-24,
ORD0975,2025-01-13,C0447,P0233,18,707.72,CASH,,
ORD0976,2024-12-07,C0466,P0079,null,1345.38,TRANSFER,2025-06-24,
ORD0977,2025-03-19,C0087,P0185,null,102.67,CARD,2025-07-13,Share until natural never light.
ORD0978,2024-09-23,,P0147,X,1051.79,CARD,2025-07-22,Watch air rise same small say born.
ORD0979,2024-11-16,C0111,P0090,null,861.99,CRYPTO,2025-07-15,Fall skin culture population with hundred.
ORD0980,2025-06-04,,P0199,19,67.54,CASH,2025-06-25,Child offer son including tax.
ORD0981,2025-03-07,C0076,P0083,-5,1361.79,CRYPTO,,
ORD0982,2025-04-02,C0244,P0011,null,,TRANSFER,2025-07-17,
ORD0983,2025-05-30,C0166,P0154,null,828.97,TRANSFER,2025-07-14,Article spend spring establish want beat.
ORD0984,2025-01-30,,P0236,14,ERROR,CASH,2025-06-29,Arrive read wish hope we government.
ORD0985,2025-06-21,C0071,P0278,X,623.48,CRYPTO,,
ORD0986,2025-05-30,C0226,P0206,null,161.36,CASH,,Build national agreement lawyer conference girl.
ORD0987,2024-07-19,C0242,P0181,null,493.04,TRANSFER,2025-07-01,Whole rock current trip everything fire service real.
ORD0988,2024-09-03,C0257,P0208,-5,594.81,CARD,2025-07-19,
ORD0989,2025-01-14,C0124,P0214,-5,401.21,CRYPTO,2025-07-06,Left technology small possible.
ORD0990,2024-11-17,C0194,P0232,X,996.44,,2025-07-20,House field size above nearly stage television college.
ORD0991,2025-01-13,C0362,P0199,null,1373.13,TRANSFER,2025-07-12,Lay wonder serious serious career five.
ORD0992,2024-12-03,C0160,P0173,-5,874.75,CASH,2025-06-27,Exist nothing human side.
ORD0993,BAD_DATE,C0163,P0205,X,826.58,,2025-07-04,After manager experience region.
ORD0994,BAD_DATE,C0453,P0272,null,762.55,CARD,2025-07-19,
ORD0995,BAD_DATE,C0110,P0112,20,1034.59,CASH,2025-07-19,Spend herself drop hear perhaps continue eat Democrat.
ORD0996,2024-11-12,C0485,P0292,X,494.35,,2025-07-16,Man we budget husband must eat.
ORD0997,2025-02-01,C0143,P0187,-5,1468.45,CASH,2025-06-25,Join entire responsibility style require law.
ORD0998,2024-10-01,C0431,P0281,1,78.7,CASH,2025-07-06,Without line process worker.
ORD0999,2025-03-02,C0227,P0210,null,ERROR,CASH,2025-07-19,Television the win fire already focus forget he.
ORD1000,2025-03-20,C0404,P0158,null,1020.89,TRANSFER,2025-07-15,
